{"stats":{"minecraft:picked_up":{"minecraft:stick":28,"minecraft:wheat":28,"minecraft:allium":1,"farmersdelight:onion_crate":3,"minecraft:ladder":12,"minecraft:clay_ball":4,"minecraft:tripwire_hook":5,"minecraft:birch_slab":7,"minecraft:acacia_log":8,"minecraft:potato":26,"minecraft:enchanted_book":1,"dynamictrees:acacia_seed":4,"minecraft:oak_log":5,"minecraft:carrot":40,"minecraft:goat_horn":4,"minecraft:dark_oak_log":53,"minecraft:cornflower":1,"minecraft:dirt":23,"minecraft:string":11,"minecraft:lantern":16,"minecraft:white_banner":10,"comforts:rope_and_nail":3,"chococraft:chocobo_feather":2,"minecraft:arrow":29,"minecraft:experience_bottle":9,"minecraft:bow":1,"minecraft:wheat_seeds":2,"farmersdelight:onion":95,"minecraft:lever":2,"comforts:sleeping_bag_white":1,"minecraft:crossbow":5,"minecraft:iron_ingot":8,"dynamictrees:oak_seed":2,"minecraft:emerald":7,"minecraft:glass_bottle":2,"minecraft:dark_oak_fence":7},"minecraft:used":{"minecraft:netherite_sword":3,"spartanweaponry:diamond_longsword":3,"justhammers:netherite_destructor_hammer":6,"waystones:waystone":2,"cfm:blue_sofa":3,"minecraft:grass_block":161,"cfm:oak_upgraded_fence":7,"cfm:pink_kitchen_drawer":3,"minecraft:stone":16,"spartanweaponry:netherite_warhammer":31,"spartanweaponry:netherite_katana":3,"mcwfences:iron_cheval_de_frise":14,"comforts:rope_and_nail":4,"spartanweaponry:dynamite":4,"spartanweaponry:netherite_dagger":3,"spelunkers_charm:crate":1,"comforts:hammock_black":1,"minecraft:dirt":41,"mcwfences:oak_wired_fence":3,"spartanweaponry:netherite_longbow":15,"spartanweaponry:netherite_parrying_dagger":3,"comforts:sleeping_bag_white":2,"spartanweaponry:netherite_heavy_crossbow":1,"spartanweaponry:netherite_boomerang":1,"mcwfences:dark_oak_wired_fence":25},"minecraft:killed":{"guardvillagers:guard":1,"minecraft:pillager":8,"minecraft:witch":2,"takesapillage:clay_golem":1,"minecraft:vindicator":2,"takesapillage:skirmisher":2,"takesapillage:archer":4,"minecraft:villager":1,"minecraft:cow":1},"minecraft:custom":{"minecraft:time_since_rest":77935,"minecraft:waystone_activated":2,"minecraft:sprint_one_cm":97399,"minecraft:damage_taken":160,"minecraft:walk_one_cm":155271,"minecraft:mob_kills":22,"minecraft:damage_dealt":4122,"minecraft:interact_with_cartography_table":1,"minecraft:fly_one_cm":1162241,"minecraft:open_barrel":6,"minecraft:crouch_one_cm":76,"minecraft:play_time":138227,"minecraft:deaths":1,"minecraft:sneak_time":785,"minecraft:walk_under_water_one_cm":3613,"minecraft:jump":713,"minecraft:leave_game":2,"minecraft:time_since_death":77876,"minecraft:walk_on_water_one_cm":435,"minecraft:sleep_in_bed":3,"minecraft:total_world_time":138227,"minecraft:climb_one_cm":39,"minecraft:fall_one_cm":4205}},"DataVersion":3120}