{"stats":{"minecraft:picked_up":{"minecraft:stick":13,"chococraft:chocobo_feather":2,"minecraft:oak_log":5,"dynamictrees:oak_seed":2},"minecraft:custom":{"minecraft:jump":252,"minecraft:time_since_rest":40971,"minecraft:sprint_one_cm":27615,"minecraft:play_time":40971,"minecraft:damage_taken":160,"minecraft:time_since_death":40971,"minecraft:walk_one_cm":21478,"minecraft:sneak_time":2,"minecraft:total_world_time":40971,"minecraft:fall_one_cm":4205,"minecraft:fly_one_cm":424582}},"DataVersion":3120}