{"stats":{"minecraft:picked_up":{"minecraft:stick":28,"comforts:rope_and_nail":3,"chococraft:chocobo_feather":2,"minecraft:wheat_seeds":2,"minecraft:acacia_log":8,"comforts:sleeping_bag_white":1,"dynamictrees:acacia_seed":4,"minecraft:oak_log":5,"dynamictrees:oak_seed":2,"minecraft:cornflower":1,"minecraft:dirt":23},"minecraft:used":{"waystones:waystone":2,"comforts:rope_and_nail":4,"spartanweaponry:dynamite":1,"spelunkers_charm:crate":1,"mcwfences:iron_cheval_de_frise":14,"comforts:hammock_black":1,"cfm:blue_sofa":3,"minecraft:dirt":23,"mcwfences:oak_wired_fence":3,"minecraft:grass_block":21,"cfm:oak_upgraded_fence":7,"comforts:sleeping_bag_white":2,"cfm:pink_kitchen_drawer":3,"spartanweaponry:netherite_heavy_crossbow":1,"minecraft:stone":16,"justhammers:netherite_destructor_hammer":6,"mcwfences:dark_oak_wired_fence":25},"minecraft:killed":{"guardvillagers:guard":1},"minecraft:custom":{"minecraft:waystone_activated":2,"minecraft:time_since_rest":46450,"minecraft:deaths":1,"minecraft:sprint_one_cm":79397,"minecraft:play_time":106742,"minecraft:damage_taken":160,"minecraft:walk_one_cm":112130,"minecraft:sneak_time":131,"minecraft:walk_under_water_one_cm":3613,"minecraft:mob_kills":1,"minecraft:jump":631,"minecraft:leave_game":2,"minecraft:walk_on_water_one_cm":261,"minecraft:time_since_death":46391,"minecraft:sleep_in_bed":3,"minecraft:total_world_time":106742,"minecraft:fall_one_cm":4205,"minecraft:fly_one_cm":1065484}},"DataVersion":3120}