{"stats":{"minecraft:picked_up":{"minecraft:stick":28,"minecraft:wheat":8,"farmersdelight:onion_crate":2,"minecraft:tripwire_hook":2,"minecraft:ladder":5,"minecraft:birch_slab":7,"minecraft:acacia_log":8,"minecraft:potato":17,"minecraft:enchanted_book":1,"minecraft:oak_log":5,"dynamictrees:acacia_seed":4,"minecraft:carrot":25,"minecraft:string":11,"minecraft:dark_oak_log":28,"minecraft:cornflower":1,"minecraft:goat_horn":4,"minecraft:dirt":23,"minecraft:white_banner":4,"minecraft:lantern":5,"minecraft:arrow":10,"minecraft:experience_bottle":5,"comforts:rope_and_nail":3,"chococraft:chocobo_feather":2,"minecraft:bow":1,"minecraft:wheat_seeds":2,"farmersdelight:onion":44,"comforts:sleeping_bag_white":1,"minecraft:iron_ingot":2,"minecraft:crossbow":2,"minecraft:emerald":6,"dynamictrees:oak_seed":2,"minecraft:glass_bottle":2,"minecraft:dark_oak_fence":7},"minecraft:used":{"spartanweaponry:diamond_longsword":3,"justhammers:netherite_destructor_hammer":6,"waystones:waystone":2,"cfm:blue_sofa":3,"minecraft:grass_block":106,"cfm:oak_upgraded_fence":7,"cfm:pink_kitchen_drawer":3,"minecraft:stone":16,"spartanweaponry:netherite_warhammer":31,"spartanweaponry:netherite_dagger":3,"spartanweaponry:dynamite":4,"spelunkers_charm:crate":1,"comforts:rope_and_nail":4,"mcwfences:iron_cheval_de_frise":14,"comforts:hammock_black":1,"minecraft:dirt":23,"mcwfences:oak_wired_fence":3,"spartanweaponry:netherite_longbow":15,"comforts:sleeping_bag_white":2,"spartanweaponry:netherite_heavy_crossbow":1,"spartanweaponry:netherite_boomerang":1,"mcwfences:dark_oak_wired_fence":25},"minecraft:killed":{"guardvillagers:guard":1,"minecraft:pillager":8,"minecraft:witch":2,"takesapillage:skirmisher":2,"minecraft:vindicator":2,"takesapillage:archer":3,"minecraft:cow":1},"minecraft:custom":{"minecraft:time_since_rest":58450,"minecraft:waystone_activated":2,"minecraft:sprint_one_cm":93948,"minecraft:damage_taken":160,"minecraft:walk_one_cm":146823,"minecraft:mob_kills":19,"minecraft:damage_dealt":3281,"minecraft:interact_with_cartography_table":1,"minecraft:fly_one_cm":1144980,"minecraft:open_barrel":4,"minecraft:crouch_one_cm":15,"minecraft:play_time":118742,"minecraft:deaths":1,"minecraft:sneak_time":250,"minecraft:walk_under_water_one_cm":3613,"minecraft:jump":687,"minecraft:climb_one_cm":39,"minecraft:leave_game":2,"minecraft:time_since_death":58391,"minecraft:walk_on_water_one_cm":261,"minecraft:sleep_in_bed":3,"minecraft:total_world_time":118742,"minecraft:fall_one_cm":4205}},"DataVersion":3120}