{"stats":{"minecraft:crafted":{"minecraft:gold_nugget":1600,"minecraft:air":0},"minecraft:dropped":{"farmersdelight:smoked_ham":2,"sophisticatedbackpacks:backpack":2,"minecraft:mud":1},"minecraft:picked_up":{"sophisticatedbackpacks:backpack":1,"minecraft:sand":8},"minecraft:used":{"minecraft:mud":5,"minecraft:sand":44,"ironchest:trapped_diamond_chest":1,"minecraft:command_block":2,"minecraft:stone_button":2},"minecraft:custom":{"minecraft:time_since_rest":37919,"minecraft:sprint_one_cm":10548,"minecraft:play_time":37919,"minecraft:damage_taken":59,"minecraft:walk_one_cm":36494,"minecraft:sneak_time":129,"minecraft:trigger_trapped_chest":2,"minecraft:drop":5,"minecraft:boat_one_cm":6421,"minecraft:jump":106,"minecraft:damage_dealt":192,"minecraft:leave_game":1,"minecraft:time_since_death":37919,"minecraft:traded_with_villager":448,"minecraft:total_world_time":37919,"minecraft:talked_to_villager":7,"minecraft:fall_one_cm":2212,"minecraft:fly_one_cm":510055}},"DataVersion":3120}