{"stats":{"minecraft:picked_up":{"minecraft:stick":13,"chococraft:chocobo_feather":2,"minecraft:oak_log":5,"dynamictrees:oak_seed":2},"minecraft:custom":{"minecraft:jump":163,"minecraft:time_since_rest":28971,"minecraft:sprint_one_cm":14662,"minecraft:play_time":28971,"minecraft:damage_taken":160,"minecraft:time_since_death":28971,"minecraft:walk_one_cm":14121,"minecraft:sneak_time":2,"minecraft:total_world_time":28971,"minecraft:fall_one_cm":4205,"minecraft:fly_one_cm":348558}},"DataVersion":3120}