{"stats":{"minecraft:picked_up":{"minecraft:stick":13,"comforts:rope_and_nail":3,"chococraft:chocobo_feather":2,"minecraft:wheat_seeds":2,"comforts:sleeping_bag_white":1,"minecraft:oak_log":5,"dynamictrees:oak_seed":2,"minecraft:cornflower":1,"minecraft:dirt":23},"minecraft:used":{"spelunkers_charm:crate":1,"spartanweaponry:dynamite":1,"comforts:rope_and_nail":4,"mcwfences:iron_cheval_de_frise":8,"comforts:hammock_black":1,"cfm:blue_sofa":3,"minecraft:dirt":23,"minecraft:grass_block":19,"cfm:oak_upgraded_fence":7,"cfm:pink_kitchen_drawer":3,"comforts:sleeping_bag_white":1,"minecraft:stone":16,"mcwfences:dark_oak_wired_fence":25},"minecraft:custom":{"minecraft:time_since_rest":16679,"minecraft:deaths":1,"minecraft:damage_taken":160,"minecraft:play_time":76971,"minecraft:sprint_one_cm":51148,"minecraft:walk_one_cm":97928,"minecraft:sneak_time":119,"minecraft:walk_under_water_one_cm":3613,"minecraft:jump":447,"minecraft:walk_on_water_one_cm":261,"minecraft:time_since_death":16620,"minecraft:sleep_in_bed":3,"minecraft:total_world_time":76971,"minecraft:fall_one_cm":4205,"minecraft:fly_one_cm":542915}},"DataVersion":3120}