{"stats":{"minecraft:crafted":{"minecraft:gold_nugget":1728,"minecraft:air":0},"minecraft:killed":{"minecraft:villager":2},"minecraft:dropped":{"farmersdelight:smoked_ham":2,"sophisticatedbackpacks:backpack":2,"minecraft:mud":1},"minecraft:picked_up":{"sophisticatedbackpacks:backpack":1,"minecraft:sand":8},"minecraft:used":{"create:track":10,"minecraft:mud":5,"minecraft:netherite_sword":6,"minecraft:sand":59,"ironchest:trapped_diamond_chest":1,"minecraft:command_block":2,"minecraft:stone_button":2},"minecraft:custom":{"minecraft:time_since_rest":54207,"minecraft:sprint_one_cm":13319,"minecraft:play_time":54207,"minecraft:damage_taken":59,"minecraft:walk_one_cm":54145,"minecraft:walk_under_water_one_cm":1762,"minecraft:sneak_time":129,"minecraft:trigger_trapped_chest":2,"minecraft:mob_kills":2,"minecraft:drop":5,"minecraft:boat_one_cm":111891,"minecraft:jump":132,"minecraft:damage_dealt":602,"minecraft:leave_game":2,"minecraft:walk_on_water_one_cm":548,"minecraft:time_since_death":54207,"minecraft:traded_with_villager":512,"minecraft:total_world_time":54207,"minecraft:swim_one_cm":427,"minecraft:talked_to_villager":9,"minecraft:fall_one_cm":2212,"minecraft:fly_one_cm":536702}},"DataVersion":3120}