{"stats":{"minecraft:picked_up":{"sophisticatedbackpacks:backpack":1,"minecraft:sand":8,"minecraft:string":1,"minecraft:ender_pearl":1},"minecraft:killed":{"minecraft:skeleton":3,"minecraft:husk":4,"minecraft:zombie":1,"minecraft:spider":3,"minecraft:villager":2,"minecraft:creeper":1,"minecraft:enderman":1},"minecraft:crafted":{"minecraft:gold_nugget":1728,"minecraft:air":0},"minecraft:used":{"minecraft:mud":5,"create:track":10,"spartanweaponry:diamond_longsword":5,"minecraft:netherite_sword":6,"minecraft:command_block":2,"ironchest:trapped_diamond_chest":1,"minecraft:stone_button":2,"spartanweaponry:wooden_heavy_crossbow":4,"spartanweaponry:dynamite":59,"minecraft:sand":59,"spartanweaponry:netherite_longbow":28,"spartanweaponry:netherite_heavy_crossbow":5},"minecraft:custom":{"minecraft:time_since_rest":61389,"minecraft:sprint_one_cm":21175,"minecraft:walk_one_cm":63592,"minecraft:damage_taken":59,"minecraft:trigger_trapped_chest":2,"minecraft:mob_kills":15,"minecraft:drop":5,"minecraft:damage_dealt":1162,"minecraft:traded_with_villager":512,"minecraft:swim_one_cm":427,"minecraft:talked_to_villager":9,"minecraft:fly_one_cm":558142,"minecraft:play_time":61389,"minecraft:sneak_time":129,"minecraft:walk_under_water_one_cm":1762,"minecraft:boat_one_cm":236029,"minecraft:jump":176,"minecraft:leave_game":3,"minecraft:time_since_death":61389,"minecraft:walk_on_water_one_cm":548,"minecraft:total_world_time":61389,"minecraft:fall_one_cm":2212},"minecraft:dropped":{"farmersdelight:smoked_ham":2,"sophisticatedbackpacks:backpack":2,"minecraft:mud":1}},"DataVersion":3120}