{"stats":{"minecraft:dropped":{"farmersdelight:smoked_ham":2,"minecraft:mud":1},"minecraft:custom":{"minecraft:jump":60,"minecraft:time_since_rest":16865,"minecraft:damage_dealt":183,"minecraft:sprint_one_cm":5103,"minecraft:play_time":16865,"minecraft:damage_taken":59,"minecraft:time_since_death":16865,"minecraft:walk_one_cm":7456,"minecraft:sneak_time":72,"minecraft:total_world_time":16865,"minecraft:drop":3,"minecraft:fall_one_cm":2212,"minecraft:fly_one_cm":310773},"minecraft:used":{"minecraft:mud":5}},"DataVersion":3120}