{"stats":{"minecraft:crafted":{"minecraft:gold_nugget":1664,"minecraft:air":0},"minecraft:killed":{"minecraft:giant":2,"minecraft:creeper":1,"minecraft:cow":17},"minecraft:dropped":{"minecraft:gold_nugget":128},"minecraft:picked_up":{"minecraft:stick":1,"minecraft:sandstone":9,"farmersdelight:smoked_ham":2,"minecraft:leather":10,"sophisticatedbackpacks:backpack":1,"minecraft:sand":49,"minecraft:gold_nugget":128,"minecraft:beef":21},"minecraft:custom":{"minecraft:time_since_rest":61776,"minecraft:sprint_one_cm":26070,"minecraft:damage_taken":546,"minecraft:walk_one_cm":66566,"minecraft:interact_with_anvil":1,"minecraft:mob_kills":20,"minecraft:drop":1,"minecraft:damage_dealt":3929,"minecraft:traded_with_villager":512,"minecraft:swim_one_cm":2154,"minecraft:talked_to_villager":4,"minecraft:fly_one_cm":179778,"minecraft:crouch_one_cm":1975,"minecraft:play_time":61776,"minecraft:walk_under_water_one_cm":9507,"minecraft:sneak_time":853,"minecraft:boat_one_cm":139913,"minecraft:jump":285,"minecraft:leave_game":1,"minecraft:time_since_death":61776,"minecraft:walk_on_water_one_cm":930,"minecraft:total_world_time":61776,"minecraft:fall_one_cm":11801},"minecraft:used":{"minecraft:creeper_spawn_egg":2,"create:track":9,"create:controls":7,"minecraft:leather_leggings":1,"minecraft:cow_spawn_egg":10,"smallships:dark_oak_brigg":1,"minecraft:leather_helmet":1,"minecraft:sandstone":35,"mcwfences:sandstone_pillar_wall":14,"create:brass_ladder":1,"minecraft:leather_boots":1,"create:railway_casing":6,"minecraft:wooden_sword":25,"create:gray_seat":3,"minecraft:sand":60,"minecraft:anvil":1,"create:track_station":2,"minecraft:cooked_beef":2,"farmersdelight:smoked_ham":1}},"DataVersion":3120}