{"stats":{"minecraft:crafted":{"minecraft:gold_nugget":1430,"minecraft:air":0},"minecraft:dropped":{"minecraft:gold_nugget":128},"minecraft:picked_up":{"minecraft:stick":1,"minecraft:sandstone":2,"farmersdelight:smoked_ham":2,"minecraft:gold_nugget":128,"sophisticatedbackpacks:backpack":1,"minecraft:sand":16},"minecraft:custom":{"minecraft:time_since_rest":37776,"minecraft:crouch_one_cm":1975,"minecraft:sprint_one_cm":8000,"minecraft:play_time":37776,"minecraft:damage_taken":345,"minecraft:walk_one_cm":43170,"minecraft:sneak_time":853,"minecraft:drop":1,"minecraft:boat_one_cm":139913,"minecraft:jump":140,"minecraft:damage_dealt":39,"minecraft:leave_game":1,"minecraft:walk_on_water_one_cm":267,"minecraft:time_since_death":37776,"minecraft:traded_with_villager":278,"minecraft:total_world_time":37776,"minecraft:talked_to_villager":3,"minecraft:fly_one_cm":145348,"minecraft:fall_one_cm":3141},"minecraft:used":{"create:railway_casing":6,"minecraft:creeper_spawn_egg":1,"create:track":9,"create:controls":7,"minecraft:sand":27,"create:gray_seat":3,"create:track_station":2,"smallships:dark_oak_brigg":1,"minecraft:sandstone":28,"mcwfences:sandstone_pillar_wall":14,"create:brass_ladder":1,"farmersdelight:smoked_ham":1}},"DataVersion":3120}