{"stats":{"minecraft:crafted":{"minecraft:gold_nugget":1664,"minecraft:air":0},"minecraft:killed":{"minecraft:creeper":1,"minecraft:cow":17},"minecraft:dropped":{"minecraft:gold_nugget":128},"minecraft:picked_up":{"minecraft:stick":1,"minecraft:sandstone":2,"farmersdelight:smoked_ham":2,"minecraft:leather":10,"sophisticatedbackpacks:backpack":1,"minecraft:sand":16,"minecraft:gold_nugget":128,"minecraft:beef":21},"minecraft:custom":{"minecraft:time_since_rest":49776,"minecraft:sprint_one_cm":8496,"minecraft:damage_taken":345,"minecraft:walk_one_cm":51842,"minecraft:interact_with_anvil":1,"minecraft:mob_kills":18,"minecraft:drop":1,"minecraft:damage_dealt":1929,"minecraft:traded_with_villager":512,"minecraft:talked_to_villager":4,"minecraft:fly_one_cm":145375,"minecraft:crouch_one_cm":1975,"minecraft:play_time":49776,"minecraft:sneak_time":853,"minecraft:boat_one_cm":139913,"minecraft:jump":146,"minecraft:leave_game":1,"minecraft:time_since_death":49776,"minecraft:walk_on_water_one_cm":267,"minecraft:total_world_time":49776,"minecraft:fall_one_cm":3141},"minecraft:used":{"minecraft:creeper_spawn_egg":2,"create:track":9,"create:controls":7,"minecraft:cow_spawn_egg":10,"smallships:dark_oak_brigg":1,"minecraft:sandstone":28,"mcwfences:sandstone_pillar_wall":14,"create:brass_ladder":1,"create:railway_casing":6,"minecraft:wooden_sword":22,"create:gray_seat":3,"minecraft:sand":27,"minecraft:anvil":1,"create:track_station":2,"farmersdelight:smoked_ham":1}},"DataVersion":3120}