{"stats":{"minecraft:picked_up":{"farmersdelight:smoked_ham":2},"minecraft:custom":{"minecraft:jump":86,"minecraft:time_since_rest":16662,"minecraft:damage_dealt":39,"minecraft:crouch_one_cm":705,"minecraft:sprint_one_cm":5353,"minecraft:play_time":16662,"minecraft:damage_taken":203,"minecraft:time_since_death":16662,"minecraft:walk_one_cm":23578,"minecraft:sneak_time":306,"minecraft:total_world_time":16662,"minecraft:fall_one_cm":2904,"minecraft:fly_one_cm":99177},"minecraft:used":{"create:track":9,"create:controls":6,"minecraft:sandstone":28,"create:gray_seat":1,"minecraft:sand":1,"create:track_station":2,"mcwfences:sandstone_pillar_wall":14,"create:railway_casing":2,"farmersdelight:smoked_ham":1}},"DataVersion":3120}