{"stats":{"minecraft:used":{"minecraft:moss_block":1,"minecraft:tuff_bricks":6,"minecraft:iron_shovel":533,"minecraft:polished_deepslate":9,"minecraft:chest":80,"minecraft:decorated_pot":1,"minecraft:shield":40,"minecraft:stone":619,"minecraft:lily_of_the_valley":5,"minecraft:carrot":101,"minecraft:tuff":1,"minecraft:big_dripleaf":1,"minecraft:quartz_block":3,"minecraft:iron_helmet":1,"minecraft:item_frame":7,"minecraft:furnace":14,"minecraft:polished_diorite_stairs":388,"minecraft:diorite":11,"minecraft:diamond_boots":1,"minecraft:stone_pickaxe":230,"minecraft:dark_oak_sign":19,"minecraft:wooden_pickaxe":6,"minecraft:clay":1,"minecraft:sugar_cane":25,"minecraft:diamond_axe":982,"minecraft:glow_berries":1,"minecraft:dark_oak_trapdoor":1,"minecraft:blast_furnace":2,"minecraft:deepslate_tiles":67,"minecraft:dark_oak_log":101,"minecraft:melon_slice":42,"minecraft:diamond_sword":280,"minecraft:andesite":8,"minecraft:oak_fence":15,"minecraft:stone_sword":59,"minecraft:tropical_fish":1,"minecraft:cooked_salmon":28,"minecraft:netherrack":13,"minecraft:torch":319,"minecraft:dirt":180,"minecraft:granite":2,"minecraft:oak_fence_gate":4,"minecraft:polished_diorite":9,"minecraft:iron_hoe":53,"minecraft:wooden_axe":4,"minecraft:iron_axe":115,"minecraft:barrel":18,"minecraft:bamboo":12,"minecraft:dark_oak_pressure_plate":1,"minecraft:cooked_beef":17,"minecraft:cobbled_deepslate":182,"minecraft:iron_leggings":12,"minecraft:pointed_dripstone":1,"minecraft:cooked_mutton":35,"minecraft:quartz_bricks":3,"minecraft:water_bucket":55,"minecraft:stonecutter":2,"minecraft:crafting_table":8,"minecraft:white_bed":5,"minecraft:dark_oak_door":2,"minecraft:smoker":4,"minecraft:diamond_pickaxe":3472,"minecraft:diamond_shovel":31,"minecraft:wind_charge":3,"minecraft:iron_pickaxe":1062,"minecraft:stone_axe":79,"minecraft:cobblestone":302,"minecraft:cooked_porkchop":1,"minecraft:bucket":56},"minecraft:picked_up":{"minecraft:diamond_sword":3,"minecraft:polished_deepslate":9,"minecraft:dark_oak_pressure_plate":1,"minecraft:string":64,"minecraft:raw_copper":105,"minecraft:cooked_salmon":14,"minecraft:iron_leggings":2,"minecraft:deepslate_tiles":7,"minecraft:gold_nugget":29,"minecraft:cobbled_deepslate":901,"minecraft:azalea":1,"minecraft:iron_pickaxe":1,"minecraft:melon_slice":281,"minecraft:furnace":9,"minecraft:dark_oak_door":3,"minecraft:stick":115,"minecraft:big_dripleaf":8,"minecraft:oak_fence":8,"minecraft:torch":164,"minecraft:green_bed":1,"minecraft:porkchop":7,"minecraft:pointed_dripstone":9,"minecraft:diorite":490,"minecraft:quartz_block":3,"minecraft:cactus":4,"minecraft:rotten_flesh":29,"minecraft:tropical_fish":19,"minecraft:armadillo_scute":2,"minecraft:obsidian":33,"minecraft:cobblestone":2149,"minecraft:birch_log":83,"minecraft:cooked_beef":15,"minecraft:water_bucket":3,"minecraft:andesite":99,"minecraft:smoker":2,"minecraft:flint":36,"minecraft:tuff":78,"minecraft:lapis_lazuli":150,"minecraft:dirt":233,"minecraft:bone":15,"minecraft:stonecutter":1,"minecraft:bow":1,"minecraft:wheat_seeds":26,"minecraft:raw_gold":63,"minecraft:dark_oak_sign":11,"minecraft:rabbit":1,"minecraft:bamboo":102,"minecraft:moss_block":36,"minecraft:cooked_porkchop":2,"minecraft:ink_sac":9,"minecraft:cyan_bed":1,"minecraft:lily_of_the_valley":10,"minecraft:dark_oak_log":847,"minecraft:barrel":6,"minecraft:quartz_bricks":3,"minecraft:diamond":63,"minecraft:granite":24,"minecraft:bone_meal":7,"minecraft:oak_sapling":27,"minecraft:netherrack":13,"minecraft:diamond_pickaxe":2,"minecraft:cocoa_beans":104,"minecraft:charcoal":256,"minecraft:crafting_table":6,"minecraft:chicken":1,"minecraft:clay_ball":600,"minecraft:shield":4,"minecraft:wind_charge":4,"minecraft:iron_axe":2,"minecraft:beef":18,"minecraft:light_gray_wool":4,"minecraft:sugar_cane":284,"minecraft:chest":23,"minecraft:birch_sapling":2,"minecraft:dark_oak_sapling":52,"minecraft:raw_iron":116,"minecraft:stone":144,"minecraft:carrot":245,"minecraft:dark_oak_planks":59,"minecraft:tnt":1,"minecraft:diamond_chestplate":3,"minecraft:arrow":22,"minecraft:decorated_pot":1,"minecraft:diamond_boots":3,"minecraft:tuff_bricks":6,"minecraft:glow_berries":12,"minecraft:mutton":59,"minecraft:white_wool":38,"minecraft:lime_bed":6,"minecraft:salmon":44,"minecraft:leather":13,"minecraft:red_mushroom":52,"minecraft:birch_planks":8,"minecraft:oak_log":29,"minecraft:gunpowder":10,"minecraft:cooked_mutton":24,"minecraft:apple":13,"minecraft:cooked_chicken":1,"minecraft:oak_fence_gate":2,"minecraft:iron_ingot":81,"minecraft:stone_pickaxe":1,"minecraft:flowering_azalea":1,"minecraft:pumpkin":41,"minecraft:quartz":26,"minecraft:dripstone_block":68,"minecraft:gravel":372,"minecraft:blast_furnace":2,"minecraft:white_bed":5,"minecraft:spider_eye":22,"minecraft:polished_diorite_stairs":57,"minecraft:slime_ball":7,"minecraft:polished_diorite":9,"minecraft:stone_axe":2,"minecraft:iron_helmet":2,"minecraft:diamond_axe":2,"minecraft:gray_wool":3,"minecraft:black_wool":1,"minecraft:melon_seeds":33,"minecraft:coal":463},"minecraft:dropped":{"minecraft:moss_block":9,"minecraft:lapis_lazuli":27,"minecraft:cooked_beef":11,"minecraft:dark_oak_sapling":1,"minecraft:dirt":1,"minecraft:dark_oak_log":2,"minecraft:dark_oak_trapdoor":1,"minecraft:bone_meal":6,"minecraft:iron_pickaxe":2,"minecraft:dark_oak_planks":1,"minecraft:bone":1,"minecraft:gravel":119,"minecraft:dark_oak_door":2,"minecraft:cobbled_deepslate":20,"minecraft:obsidian":21,"minecraft:rotten_flesh":11,"minecraft:cooked_mutton":3,"minecraft:wind_charge":1,"minecraft:melon_seeds":31,"minecraft:azalea":1,"minecraft:wheat_seeds":4,"minecraft:tnt":1,"minecraft:dripstone_block":5,"minecraft:diamond_leggings":1,"minecraft:iron_helmet":1,"minecraft:cobblestone":110,"minecraft:dark_oak_pressure_plate":1,"minecraft:granite":8,"minecraft:stick":11,"minecraft:gray_wool":1,"minecraft:diorite":4,"minecraft:ink_sac":4,"minecraft:wooden_axe":1,"minecraft:rabbit":1,"minecraft:melon_slice":37,"minecraft:diamond_helmet":1,"minecraft:iron_leggings":1,"minecraft:flowering_azalea":1,"minecraft:iron_axe":1,"minecraft:cocoa_beans":1,"minecraft:raw_copper":42,"minecraft:chicken":1,"minecraft:clay_ball":100,"minecraft:lily_of_the_valley":5,"minecraft:big_dripleaf":6,"minecraft:diamond_chestplate":2,"minecraft:oak_sapling":3,"minecraft:diamond_boots":1,"minecraft:wooden_pickaxe":1},"minecraft:killed":{"minecraft:spider":27,"minecraft:skeleton":18,"minecraft:camel":1,"minecraft:piglin":1,"minecraft:pig":4,"minecraft:salmon":40,"minecraft:creeper":4,"minecraft:sheep":37,"minecraft:zombie":20,"minecraft:cow":11,"minecraft:armadillo":1,"minecraft:slime":9,"minecraft:husk":1,"minecraft:squid":1,"minecraft:enderman":2},"minecraft:custom":{"minecraft:interact_with_crafting_table":84,"minecraft:open_barrel":4,"minecraft:leave_game":11,"minecraft:time_since_death":320008,"minecraft:sprint_one_cm":1492913,"minecraft:damage_blocked_by_shield":2580,"minecraft:drop":146,"minecraft:talked_to_villager":2,"minecraft:play_time":922270,"minecraft:deaths":6,"minecraft:jump":10018,"minecraft:walk_on_water_one_cm":62823,"minecraft:interact_with_furnace":115,"minecraft:interact_with_cartography_table":1,"minecraft:sleep_in_bed":20,"minecraft:damage_dealt":20863,"minecraft:player_kills":2,"minecraft:crouch_one_cm":112546,"minecraft:interact_with_smoker":45,"minecraft:mob_kills":178,"minecraft:climb_one_cm":7818,"minecraft:walk_one_cm":1882196,"minecraft:sneak_time":39717,"minecraft:walk_under_water_one_cm":53271,"minecraft:interact_with_blast_furnace":31,"minecraft:total_world_time":922270,"minecraft:interact_with_stonecutter":20,"minecraft:time_since_rest":49555,"minecraft:damage_taken":6317,"minecraft:swim_one_cm":82182,"minecraft:fly_one_cm":1746045,"minecraft:open_chest":473,"minecraft:fall_one_cm":259658},"minecraft:mined":{"minecraft:white_bed":6,"minecraft:obsidian":33,"minecraft:cave_vines_plant":16,"minecraft:granite":25,"minecraft:grass_block":94,"minecraft:polished_diorite":9,"minecraft:tuff_bricks":6,"minecraft:spawner":1,"minecraft:tall_seagrass":2,"minecraft:cobbled_deepslate":14,"minecraft:iron_ore":47,"minecraft:fire":2,"minecraft:barrel":6,"minecraft:pumpkin":23,"minecraft:deepslate_lapis_ore":5,"minecraft:pointed_dripstone":9,"minecraft:cave_vines":29,"minecraft:azalea":1,"minecraft:green_bed":1,"minecraft:quartz_block":3,"minecraft:smoker":2,"minecraft:clay":151,"minecraft:torch":40,"minecraft:blast_furnace":2,"minecraft:melon":30,"minecraft:chest":23,"minecraft:dead_bush":2,"minecraft:mushroom_stem":12,"minecraft:nether_quartz_ore":26,"minecraft:cobblestone":60,"minecraft:cyan_bed":1,"minecraft:sugar_cane":146,"minecraft:wall_torch":58,"minecraft:deepslate_copper_ore":10,"minecraft:polished_diorite_stairs":57,"minecraft:dark_oak_door":1,"minecraft:birch_log":59,"minecraft:tnt":1,"minecraft:oak_log":21,"minecraft:oak_fence_gate":2,"minecraft:dark_oak_sapling":1,"minecraft:dirt":41,"minecraft:red_mushroom_block":114,"minecraft:stonecutter":1,"minecraft:netherrack":13,"minecraft:oak_leaves":13,"minecraft:deepslate":1031,"minecraft:nether_gold_ore":7,"minecraft:deepslate_tiles":7,"minecraft:tuff":139,"minecraft:dark_oak_leaves":10,"minecraft:deepslate_diamond_ore":57,"minecraft:dark_oak_log":751,"minecraft:glow_lichen":2,"minecraft:dark_oak_pressure_plate":1,"minecraft:decorated_pot":1,"minecraft:moss_block":38,"minecraft:spore_blossom":1,"minecraft:furnace":10,"minecraft:carrots":64,"minecraft:andesite":99,"minecraft:polished_deepslate":9,"minecraft:deepslate_iron_ore":58,"minecraft:vine":18,"minecraft:bamboo":6,"minecraft:stone":2064,"minecraft:oak_fence":8,"minecraft:crafting_table":6,"minecraft:short_grass":55,"minecraft:tall_grass":3,"minecraft:copper_ore":11,"minecraft:quartz_bricks":3,"minecraft:deepslate_coal_ore":19,"minecraft:lapis_ore":12,"minecraft:deepslate_gold_ore":50,"minecraft:diorite":468,"minecraft:big_dripleaf":7,"minecraft:lime_bed":6,"minecraft:cactus":2,"minecraft:dark_oak_wall_sign":6,"minecraft:birch_leaves":6,"minecraft:yellow_bed":1,"minecraft:coal_ore":151,"minecraft:dark_oak_sign":2,"minecraft:cocoa":16,"minecraft:gravel":323,"minecraft:dripstone_block":78,"minecraft:stone_bricks":7,"minecraft:small_dripleaf":1,"minecraft:gold_ore":3,"minecraft:fern":10},"minecraft:killed_by":{"minecraft:player":4},"minecraft:crafted":{"minecraft:oak_planks":40,"minecraft:barrel":12,"minecraft:dark_oak_pressure_plate":1,"minecraft:stone":486,"minecraft:diamond_shovel":1,"minecraft:cooked_mutton":58,"minecraft:quartz_block":6,"minecraft:dark_oak_door":3,"minecraft:diamond_leggings":1,"minecraft:chest":57,"minecraft:oak_fence":9,"minecraft:smoker":2,"minecraft:item_frame":7,"minecraft:diamond_axe":2,"minecraft:crafting_table":3,"minecraft:wooden_pickaxe":1,"minecraft:iron_helmet":1,"minecraft:birch_planks":120,"minecraft:dark_oak_slab":24,"minecraft:diamond_pickaxe":5,"minecraft:shield":2,"minecraft:stick":212,"minecraft:iron_ingot":88,"minecraft:iron_pickaxe":6,"minecraft:stone_sword":1,"minecraft:gold_ingot":15,"minecraft:furnace":7,"minecraft:dark_oak_trapdoor":2,"minecraft:dark_oak_sign":12,"minecraft:polished_deepslate":20,"minecraft:iron_axe":1,"minecraft:iron_hoe":1,"minecraft:stone_pickaxe":4,"minecraft:diamond_boots":1,"minecraft:dark_oak_planks":636,"minecraft:cooked_beef":17,"minecraft:diamond_sword":1,"minecraft:cooked_salmon":36,"minecraft:bucket":1,"minecraft:stone_axe":2,"minecraft:air":0,"minecraft:oak_fence_gate":2,"minecraft:wooden_axe":1,"minecraft:iron_shovel":4,"minecraft:iron_leggings":2,"minecraft:stonecutter":1,"minecraft:torch":260,"minecraft:clay":125,"minecraft:diamond_chestplate":2},"minecraft:broken":{"minecraft:iron_shovel":1,"minecraft:stone_pickaxe":1,"minecraft:diamond_pickaxe":2,"minecraft:stone_axe":1,"minecraft:iron_pickaxe":3}},"DataVersion":3953}