{"stats":{"minecraft:crafted":{"minecraft:black_dye":4,"minecraft:grindstone":1,"minecraft:yellow_wool":3,"minecraft:smooth_stone":11,"minecraft:oak_planks":202,"minecraft:dark_oak_pressure_plate":1,"minecraft:blaze_powder":4,"minecraft:cooked_chicken":1,"minecraft:wolf_armor":2,"minecraft:stone":50,"minecraft:bookshelf":16,"minecraft:cooked_mutton":11,"minecraft:dark_oak_door":3,"minecraft:glass":64,"minecraft:diamond_helmet":3,"minecraft:diamond_leggings":3,"minecraft:iron_boots":1,"minecraft:melon_seeds":92,"minecraft:chest":26,"minecraft:smoker":2,"minecraft:glass_bottle":6,"minecraft:item_frame":1,"minecraft:emerald":9,"minecraft:cauldron":1,"minecraft:cooked_porkchop":13,"minecraft:diamond_axe":1,"minecraft:map":2,"minecraft:crafting_table":5,"minecraft:wooden_pickaxe":1,"minecraft:brush":3,"minecraft:red_wool":4,"minecraft:copper_ingot":23,"minecraft:brewing_stand":1,"minecraft:birch_planks":104,"minecraft:pumpkin_seeds":40,"minecraft:cartography_table":1,"minecraft:book":60,"minecraft:paper":207,"minecraft:charcoal":89,"minecraft:diamond_pickaxe":7,"minecraft:yellow_dye":3,"minecraft:pink_wool":5,"minecraft:shield":5,"minecraft:stone_slab":6,"minecraft:stick":256,"minecraft:compass":2,"minecraft:iron_ingot":116,"minecraft:iron_pickaxe":1,"minecraft:stone_sword":1,"minecraft:gold_ingot":32,"minecraft:dark_oak_fence_gate":4,"minecraft:shears":1,"minecraft:raw_iron":18,"minecraft:stone_shovel":1,"minecraft:smooth_stone_slab":6,"minecraft:jukebox":1,"minecraft:iron_nugget":72,"minecraft:spyglass":1,"minecraft:furnace":6,"minecraft:blast_furnace":2,"minecraft:mushroom_stew":14,"minecraft:yellow_bed":1,"minecraft:dark_oak_sign":12,"minecraft:bone_meal":108,"minecraft:pink_dye":6,"minecraft:flint_and_steel":1,"minecraft:lantern":8,"minecraft:dark_oak_fence":96,"minecraft:iron_hoe":1,"minecraft:stone_pickaxe":2,"minecraft:diamond_boots":2,"minecraft:cobbled_deepslate_stairs":40,"minecraft:netherite_scrap":4,"minecraft:dark_oak_planks":744,"minecraft:lead":2,"minecraft:golden_helmet":1,"minecraft:wheat":150,"minecraft:cooked_beef":88,"minecraft:coal_block":1,"minecraft:red_dye":7,"minecraft:diamond_sword":1,"minecraft:enchanting_table":1,"minecraft:iron_sword":1,"minecraft:bowl":4,"minecraft:red_bed":1,"minecraft:cooked_salmon":11,"minecraft:bucket":3,"minecraft:stone_axe":1,"minecraft:air":0,"minecraft:bread":34,"minecraft:golden_apple":6,"minecraft:white_dye":49,"minecraft:iron_shovel":3,"minecraft:deepslate_tile_stairs":4,"minecraft:iron_leggings":1,"minecraft:stonecutter":1,"minecraft:armor_stand":1,"minecraft:torch":492,"minecraft:diamond_chestplate":2},"minecraft:picked_up":{"minecraft:wheat":57,"minecraft:lead":13,"minecraft:stone_slab":5,"minecraft:diamond_sword":1,"minecraft:potion":4,"minecraft:enchanted_book":2,"minecraft:nether_brick":2,"minecraft:amethyst_block":10,"minecraft:dark_oak_pressure_plate":1,"minecraft:string":155,"minecraft:raw_copper":60,"minecraft:cooked_salmon":2,"minecraft:sticky_piston":3,"minecraft:armor_stand":1,"minecraft:red_candle":7,"minecraft:deepslate_tiles":9,"minecraft:gold_nugget":77,"minecraft:cobbled_deepslate":2327,"minecraft:trial_key":12,"minecraft:calcite":3,"minecraft:azalea":3,"minecraft:enchanted_golden_apple":2,"minecraft:melon_slice":92,"minecraft:furnace":1,"minecraft:dark_oak_door":4,"minecraft:tipped_arrow":32,"minecraft:stick":43,"minecraft:deepslate_brick_wall":1,"minecraft:big_dripleaf":1,"minecraft:torch":125,"minecraft:porkchop":19,"minecraft:waxed_copper_grate":2,"minecraft:pointed_dripstone":1,"minecraft:diorite":11,"minecraft:vine":9,"minecraft:cactus":12,"minecraft:honey_bottle":4,"minecraft:rotten_flesh":75,"minecraft:tropical_fish":17,"minecraft:armadillo_scute":21,"minecraft:blaze_rod":3,"minecraft:obsidian":16,"minecraft:cobblestone":2660,"minecraft:birch_log":28,"minecraft:enchanting_table":2,"minecraft:cooked_beef":4,"minecraft:feather":2,"minecraft:lilac":2,"minecraft:repeater":1,"minecraft:jungle_log":1,"minecraft:andesite":72,"minecraft:smoker":4,"minecraft:flint":12,"minecraft:tuff":70,"minecraft:lapis_lazuli":118,"minecraft:dirt":484,"minecraft:bone":76,"minecraft:bow":1,"minecraft:stonecutter":1,"minecraft:wheat_seeds":172,"minecraft:raw_gold":20,"minecraft:dark_oak_sign":2,"minecraft:guster_banner_pattern":1,"minecraft:rabbit":1,"minecraft:bamboo":98,"minecraft:moss_block":16,"minecraft:oak_planks":119,"minecraft:honeycomb":5,"minecraft:scrape_pottery_sherd":1,"minecraft:cooked_porkchop":21,"minecraft:ink_sac":4,"minecraft:lily_of_the_valley":3,"minecraft:dark_oak_log":373,"minecraft:barrel":1,"minecraft:mossy_cobblestone":19,"minecraft:dispenser":2,"minecraft:diamond":201,"minecraft:lever":3,"minecraft:waxed_oxidized_copper_grate":3,"minecraft:granite":101,"minecraft:crossbow":5,"minecraft:breeze_rod":23,"minecraft:bone_meal":41,"minecraft:golden_apple":2,"minecraft:emerald":23,"minecraft:bread":38,"minecraft:oak_sapling":18,"minecraft:netherrack":1378,"minecraft:dark_oak_fence":3,"minecraft:ominous_trial_key":13,"minecraft:crimson_roots":8,"minecraft:diamond_pickaxe":2,"minecraft:cocoa_beans":20,"minecraft:waxed_oxidized_cut_copper":2,"minecraft:crafting_table":5,"minecraft:azure_bluet":2,"minecraft:ominous_bottle":5,"minecraft:chicken":3,"minecraft:clay_ball":264,"minecraft:brown_mushroom":28,"minecraft:wooden_pickaxe":2,"minecraft:cooked_rabbit":1,"minecraft:diamond_horse_armor":1,"minecraft:brick":43,"minecraft:shield":3,"minecraft:wind_charge":57,"minecraft:red_bed":2,"minecraft:moss_carpet":8,"minecraft:flint_and_steel":1,"minecraft:item_frame":1,"minecraft:beef":101,"minecraft:poppy":7,"minecraft:sugar_cane":193,"minecraft:chest":8,"minecraft:birch_sapling":1,"minecraft:waxed_oxidized_copper":9,"minecraft:egg":3,"minecraft:dark_oak_sapling":37,"minecraft:raw_iron":120,"minecraft:flow_pottery_sherd":1,"minecraft:white_dye":46,"minecraft:carrot":5,"minecraft:redstone":227,"minecraft:dark_oak_planks":24,"minecraft:arrow":87,"minecraft:weeping_vines":1,"minecraft:diamond_chestplate":1,"minecraft:decorated_pot":6,"minecraft:hay_block":17,"minecraft:gold_ingot":18,"minecraft:flow_armor_trim_smithing_template":1,"minecraft:tuff_bricks":7,"minecraft:glow_berries":6,"minecraft:mutton":10,"minecraft:white_wool":19,"minecraft:lime_bed":1,"minecraft:golden_carrot":4,"minecraft:glow_ink_sac":3,"minecraft:tripwire_hook":4,"minecraft:salmon":11,"minecraft:leather":58,"minecraft:red_mushroom":38,"minecraft:filled_map":2,"minecraft:waxed_copper_bulb":3,"minecraft:oak_log":23,"minecraft:ancient_debris":4,"minecraft:yellow_bed":15,"minecraft:nether_wart_block":4,"minecraft:cobbled_deepslate_stairs":7,"minecraft:gunpowder":1,"minecraft:cobblestone_stairs":19,"minecraft:white_banner":3,"minecraft:cooked_mutton":9,"minecraft:apple":5,"minecraft:wild_armor_trim_smithing_template":2,"minecraft:iron_ingot":20,"minecraft:stone_pickaxe":1,"minecraft:cooked_chicken":2,"minecraft:soul_sand":7,"minecraft:music_disc_chirp":4,"minecraft:smooth_basalt":2,"minecraft:emerald_block":1,"minecraft:pumpkin":10,"minecraft:chiseled_stone_bricks":3,"minecraft:dandelion":4,"minecraft:raw_iron_block":2,"minecraft:dripstone_block":8,"minecraft:gravel":252,"minecraft:amethyst_shard":4,"minecraft:blast_furnace":2,"minecraft:white_bed":2,"minecraft:spider_eye":25,"minecraft:polished_tuff":3,"minecraft:pumpkin_seeds":26,"minecraft:short_grass":1,"minecraft:gray_wool":1,"minecraft:baked_potato":15,"minecraft:melon_seeds":162,"minecraft:black_wool":2,"minecraft:coal":179,"minecraft:chiseled_tuff_bricks":2,"minecraft:ender_pearl":1},"minecraft:mined":{"minecraft:dark_oak_planks":16,"minecraft:cobbled_deepslate_stairs":8,"minecraft:cobblestone_stairs":19,"minecraft:jungle_leaves":2,"minecraft:obsidian":16,"minecraft:cave_vines_plant":6,"minecraft:granite":104,"minecraft:grass_block":184,"minecraft:jungle_log":1,"minecraft:chiseled_tuff_bricks":2,"minecraft:tuff_bricks":7,"minecraft:chiseled_stone_bricks":3,"minecraft:tall_seagrass":1,"minecraft:raw_iron_block":2,"minecraft:iron_ore":32,"minecraft:barrel":1,"minecraft:sticky_piston":3,"minecraft:fire":31,"minecraft:cobbled_deepslate":26,"minecraft:polished_tuff":3,"minecraft:moss_carpet":3,"minecraft:pumpkin":10,"minecraft:deepslate_lapis_ore":9,"minecraft:azure_bluet":1,"minecraft:enchanting_table":2,"minecraft:pointed_dripstone":1,"minecraft:cave_vines":1,"minecraft:azalea":1,"minecraft:tripwire":6,"minecraft:deepslate_redstone_ore":48,"minecraft:red_bed":2,"minecraft:crimson_nylium":9,"minecraft:smoker":4,"minecraft:deepslate_brick_wall":1,"minecraft:amethyst_cluster":1,"minecraft:clay":55,"minecraft:torch":38,"minecraft:blast_furnace":2,"minecraft:calcite":3,"minecraft:poppy":7,"minecraft:melon":21,"minecraft:chest":7,"minecraft:mushroom_stem":24,"minecraft:cobblestone":175,"minecraft:nether_quartz_ore":3,"minecraft:oak_planks":10,"minecraft:sugar_cane":99,"minecraft:wall_torch":33,"minecraft:amethyst_block":10,"minecraft:deepslate_copper_ore":1,"minecraft:seagrass":1,"minecraft:waxed_copper_bulb":2,"minecraft:repeater":1,"minecraft:red_candle":2,"minecraft:dark_oak_door":3,"minecraft:birch_log":28,"minecraft:wheat":57,"minecraft:lilac":2,"minecraft:oak_log":23,"minecraft:waxed_oxidized_copper":9,"minecraft:dirt":261,"minecraft:dispenser":2,"minecraft:smooth_basalt":2,"minecraft:tripwire_hook":4,"minecraft:red_mushroom_block":135,"minecraft:ancient_debris":4,"minecraft:stonecutter":1,"minecraft:netherrack":2063,"minecraft:deepslate":2264,"minecraft:oak_leaves":66,"minecraft:nether_gold_ore":17,"minecraft:deepslate_tiles":9,"minecraft:diamond_ore":2,"minecraft:tuff":71,"minecraft:mossy_cobblestone":19,"minecraft:dark_oak_leaves":75,"minecraft:deepslate_diamond_ore":194,"minecraft:dark_oak_log":310,"minecraft:lever":3,"minecraft:glow_lichen":1,"minecraft:dark_oak_pressure_plate":1,"minecraft:dark_oak_fence":3,"minecraft:decorated_pot":15,"minecraft:weeping_vines":1,"minecraft:redstone_wire":15,"minecraft:brown_mushroom_block":90,"minecraft:moss_block":20,"minecraft:hay_block":17,"minecraft:waxed_oxidized_cut_copper":2,"minecraft:furnace":1,"minecraft:carrots":2,"minecraft:waxed_copper_grate":3,"minecraft:andesite":95,"minecraft:deepslate_iron_ore":90,"minecraft:vine":9,"minecraft:bamboo_sapling":5,"minecraft:bamboo":8,"minecraft:stone":2574,"minecraft:white_wool":1,"minecraft:soul_sand":9,"minecraft:lily_of_the_valley":3,"minecraft:dandelion":5,"minecraft:crafting_table":4,"minecraft:short_grass":132,"minecraft:copper_ore":16,"minecraft:tall_grass":4,"minecraft:deepslate_coal_ore":2,"minecraft:lapis_ore":2,"minecraft:deepslate_gold_ore":17,"minecraft:diorite":11,"minecraft:cactus":5,"minecraft:lime_bed":1,"minecraft:waxed_oxidized_copper_grate":2,"minecraft:birch_leaves":3,"minecraft:white_wall_banner":1,"minecraft:yellow_bed":13,"minecraft:coal_ore":135,"minecraft:dark_oak_sign":1,"minecraft:gravel":131,"minecraft:dripstone_block":9,"minecraft:cobweb":7,"minecraft:gold_ore":1,"minecraft:fern":21},"minecraft:custom":{"minecraft:animals_bred":6,"minecraft:interact_with_crafting_table":199,"minecraft:open_barrel":23,"minecraft:leave_game":22,"minecraft:time_since_death":1024263,"minecraft:sprint_one_cm":2410685,"minecraft:damage_blocked_by_shield":472,"minecraft:drop":288,"minecraft:talked_to_villager":1,"minecraft:play_time":1024263,"minecraft:jump":16543,"minecraft:interact_with_brewingstand":18,"minecraft:walk_on_water_one_cm":77727,"minecraft:enchant_item":6,"minecraft:interact_with_furnace":87,"minecraft:play_record":2,"minecraft:interact_with_cartography_table":4,"minecraft:sleep_in_bed":61,"minecraft:damage_dealt":49051,"minecraft:player_kills":1,"minecraft:crouch_one_cm":167798,"minecraft:interact_with_smoker":50,"minecraft:use_cauldron":3,"minecraft:inspect_dispenser":6,"minecraft:mob_kills":315,"minecraft:fill_cauldron":1,"minecraft:interact_with_campfire":4,"minecraft:climb_one_cm":58232,"minecraft:walk_one_cm":2491183,"minecraft:sneak_time":67945,"minecraft:walk_under_water_one_cm":51935,"minecraft:interact_with_blast_furnace":68,"minecraft:total_world_time":1024263,"minecraft:interact_with_stonecutter":16,"minecraft:interact_with_grindstone":4,"minecraft:time_since_rest":17277,"minecraft:damage_taken":9715,"minecraft:damage_absorbed":162,"minecraft:swim_one_cm":82914,"minecraft:fly_one_cm":3562433,"minecraft:open_chest":1037,"minecraft:fall_one_cm":475264},"minecraft:broken":{"minecraft:iron_shovel":1,"minecraft:diamond_helmet":1,"minecraft:diamond_boots":1,"minecraft:diamond_pickaxe":2,"minecraft:stone_shovel":1,"minecraft:brush":1,"minecraft:iron_pickaxe":1},"minecraft:dropped":{"minecraft:brown_mushroom":3,"minecraft:short_grass":1,"minecraft:birch_planks":54,"minecraft:lapis_lazuli":4,"minecraft:cooked_beef":1,"minecraft:glass_bottle":1,"minecraft:diamond":2,"minecraft:dark_oak_sapling":27,"minecraft:cooked_porkchop":1,"minecraft:crossbow":4,"minecraft:weeping_vines":1,"minecraft:honeycomb":5,"minecraft:red_mushroom":18,"minecraft:flint":2,"minecraft:dirt":32,"minecraft:crimson_roots":8,"minecraft:bone_meal":32,"minecraft:dark_oak_planks":12,"minecraft:white_wool":6,"minecraft:gold_ingot":4,"minecraft:bone":18,"minecraft:gravel":38,"minecraft:dark_oak_door":1,"minecraft:stone_axe":1,"minecraft:sugar_cane":3,"minecraft:music_disc_chirp":1,"minecraft:chiseled_tuff_bricks":2,"minecraft:cobbled_deepslate":194,"minecraft:pink_dye":1,"minecraft:birch_sapling":1,"minecraft:obsidian":2,"minecraft:pointed_dripstone":1,"minecraft:rotten_flesh":51,"minecraft:white_bed":2,"minecraft:honey_bottle":4,"minecraft:azure_bluet":2,"minecraft:trident":1,"minecraft:gunpowder":1,"minecraft:melon_seeds":66,"minecraft:white_dye":30,"minecraft:arrow":8,"minecraft:netherrack":362,"minecraft:bread":7,"minecraft:iron_ingot":12,"minecraft:wheat_seeds":102,"minecraft:lilac":1,"minecraft:bookshelf":1,"minecraft:diamond_leggings":1,"minecraft:cobblestone":76,"minecraft:dark_oak_pressure_plate":1,"minecraft:granite":9,"minecraft:tropical_fish":2,"minecraft:ominous_trial_key":1,"minecraft:golden_apple":3,"minecraft:stick":16,"minecraft:diorite":5,"minecraft:torch":71,"minecraft:nether_wart_block":4,"minecraft:cooked_salmon":7,"minecraft:diamond_helmet":1,"minecraft:armadillo_scute":4,"minecraft:iron_shovel":1,"minecraft:string":110,"minecraft:dandelion":1,"minecraft:tuff_bricks":5,"minecraft:stone_sword":1,"minecraft:dark_oak_sign":1,"minecraft:tuff":1,"minecraft:raw_iron":1,"minecraft:chicken":2,"minecraft:clay_ball":136,"minecraft:stone_slab":5,"minecraft:shears":1,"minecraft:flint_and_steel":2,"minecraft:lily_of_the_valley":3,"minecraft:filled_map":1,"minecraft:diamond_sword":1,"minecraft:stone":8,"minecraft:shield":2,"minecraft:trial_key":1,"minecraft:diamond_chestplate":1,"minecraft:diamond_pickaxe":4,"minecraft:andesite":21,"minecraft:oak_sapling":8,"minecraft:spider_eye":10,"minecraft:bow":1,"minecraft:stone_pickaxe":1,"minecraft:wooden_pickaxe":2,"minecraft:raw_gold":3,"minecraft:black_wool":2,"minecraft:brick":16},"minecraft:killed":{"minecraft:spider":62,"minecraft:skeleton":48,"minecraft:chicken":3,"minecraft:silverfish":4,"minecraft:piglin":2,"minecraft:pig":16,"minecraft:salmon":12,"minecraft:creeper":3,"minecraft:sheep":10,"minecraft:trader_llama":2,"minecraft:pillager":6,"minecraft:zombie":55,"minecraft:ghast":2,"minecraft:glow_squid":1,"minecraft:cow":51,"minecraft:llama":13,"minecraft:hoglin":1,"minecraft:squid":1,"minecraft:breeze":16,"minecraft:enderman":1},"minecraft:used":{"minecraft:tuff_bricks":2,"minecraft:moss_carpet":3,"minecraft:iron_shovel":343,"minecraft:shield":18,"minecraft:decorated_pot":6,"minecraft:chest":34,"minecraft:nether_wart":6,"minecraft:iron_sword":26,"minecraft:stone":25,"minecraft:rotten_flesh":2,"minecraft:soul_sand":6,"minecraft:carrot":5,"minecraft:waxed_copper_grate":2,"minecraft:tuff":14,"minecraft:obsidian":10,"minecraft:waxed_oxidized_copper":9,"minecraft:waxed_oxidized_copper_grate":2,"minecraft:red_wool":1,"minecraft:lantern":8,"minecraft:pink_wool":5,"minecraft:item_frame":2,"minecraft:ominous_bottle":1,"minecraft:furnace":3,"minecraft:egg":3,"minecraft:deepslate_brick_wall":1,"minecraft:diorite":3,"minecraft:oak_planks":17,"minecraft:stone_pickaxe":221,"minecraft:dark_oak_sign":10,"minecraft:wooden_pickaxe":16,"minecraft:diamond_axe":768,"minecraft:sugar_cane":17,"minecraft:glow_berries":3,"minecraft:white_wool":3,"minecraft:golden_apple":4,"minecraft:blast_furnace":4,"minecraft:mushroom_stew":10,"minecraft:crossbow":45,"minecraft:dripstone_block":8,"minecraft:cobbled_deepslate_stairs":143,"minecraft:shears":10,"minecraft:polished_tuff":2,"minecraft:deepslate_tiles":557,"minecraft:dark_oak_log":26,"minecraft:bread":66,"minecraft:gravel":45,"minecraft:diamond_sword":744,"minecraft:cooked_rabbit":1,"minecraft:andesite":29,"minecraft:birch_log":2,"minecraft:tropical_fish_bucket":2,"minecraft:dark_oak_fence":22,"minecraft:grindstone":1,"minecraft:waxed_copper_bulb":3,"minecraft:bone_meal":48,"minecraft:azalea":1,"minecraft:tropical_fish":13,"minecraft:enchanting_table":3,"minecraft:stone_sword":66,"minecraft:armor_stand":2,"minecraft:flint_and_steel":23,"minecraft:stone_shovel":133,"minecraft:cooked_salmon":6,"minecraft:trial_key":5,"minecraft:cooked_chicken":3,"minecraft:netherrack":301,"minecraft:torch":490,"minecraft:brewing_stand":1,"minecraft:dirt":367,"minecraft:spyglass":3,"minecraft:diamond_helmet":1,"minecraft:granite":53,"minecraft:iron_hoe":35,"minecraft:dark_oak_planks":16,"minecraft:bookshelf":15,"minecraft:red_candle":7,"minecraft:iron_boots":1,"minecraft:barrel":1,"minecraft:bamboo":19,"minecraft:diamond_chestplate":1,"minecraft:beef":1,"minecraft:dark_oak_pressure_plate":1,"minecraft:deepslate_tile_stairs":4,"minecraft:cooked_beef":58,"minecraft:cobbled_deepslate":288,"minecraft:iron_leggings":1,"minecraft:cooked_mutton":20,"minecraft:wheat_seeds":91,"minecraft:water_bucket":57,"minecraft:cobblestone_stairs":255,"minecraft:glass_bottle":6,"minecraft:cartography_table":1,"minecraft:baked_potato":1,"minecraft:waxed_oxidized_cut_copper":2,"minecraft:cauldron":1,"minecraft:stonecutter":2,"minecraft:mossy_cobblestone":18,"minecraft:lime_bed":1,"minecraft:crafting_table":9,"minecraft:red_bed":2,"minecraft:dark_oak_fence_gate":4,"minecraft:dark_oak_door":4,"minecraft:smoker":6,"minecraft:oak_log":4,"minecraft:diamond_pickaxe":7763,"minecraft:apple":5,"minecraft:ominous_trial_key":6,"minecraft:wind_charge":27,"minecraft:iron_pickaxe":252,"minecraft:map":2,"minecraft:chiseled_stone_bricks":3,"minecraft:stone_axe":96,"minecraft:cobblestone":707,"minecraft:potion":6,"minecraft:white_banner":3,"minecraft:cooked_porkchop":31,"minecraft:bucket":60,"minecraft:yellow_bed":16,"minecraft:brush":34,"minecraft:jukebox":1}},"DataVersion":3953}