{"stats":{"minecraft:crafted":{"minecraft:smooth_stone":32,"minecraft:oak_sign":33,"minecraft:dark_oak_pressure_plate":12,"minecraft:birch_boat":1,"minecraft:wolf_armor":10,"minecraft:diamond_shovel":2,"minecraft:bookshelf":1,"minecraft:cooked_mutton":13,"minecraft:deepslate_brick_stairs":17,"minecraft:glass":319,"minecraft:diamond_helmet":2,"minecraft:diamond_leggings":2,"minecraft:melon_seeds":13,"minecraft:flower_pot":9,"minecraft:deepslate":1,"minecraft:emerald":348,"minecraft:cooked_porkchop":4,"minecraft:smithing_table":1,"minecraft:fletching_table":4,"minecraft:campfire":7,"minecraft:painting":8,"minecraft:iron_pickaxe":9,"minecraft:iron_block":7,"minecraft:gold_ingot":27,"minecraft:composter":50,"minecraft:iron_nugget":396,"minecraft:bone_meal":255,"minecraft:moss_carpet":291,"minecraft:lantern":50,"minecraft:dark_oak_fence":177,"minecraft:deepslate_brick_wall":7,"minecraft:stone_pickaxe":2,"minecraft:diamond_boots":3,"minecraft:spruce_sapling":4,"minecraft:dark_oak_planks":3916,"minecraft:chainmail_leggings":12,"minecraft:wheat":36,"minecraft:crossbow":16,"minecraft:dark_oak_button":4,"minecraft:glowstone":14,"minecraft:jungle_slab":12,"minecraft:acacia_sign":3,"minecraft:chainmail_boots":12,"minecraft:wooden_axe":1,"minecraft:oak_stairs":32,"minecraft:iron_shovel":3,"minecraft:iron_leggings":1,"minecraft:deepslate_tile_stairs":24,"minecraft:white_bed":10,"minecraft:brick":88,"minecraft:oak_planks":848,"minecraft:barrel":62,"minecraft:stone":50,"minecraft:dark_oak_door":6,"minecraft:bow":32,"minecraft:iron_boots":10,"minecraft:chest":32,"minecraft:rail":64,"minecraft:bricks":18,"minecraft:oak_fence":21,"minecraft:golden_boots":1,"minecraft:smoker":1,"minecraft:oak_slab":180,"minecraft:arrow":384,"minecraft:crafting_table":8,"minecraft:spruce_planks":3316,"minecraft:wooden_pickaxe":1,"minecraft:iron_helmet":1,"minecraft:chainmail_chestplate":23,"minecraft:birch_planks":104,"minecraft:dispenser":1,"minecraft:dark_oak_slab":606,"minecraft:book":4,"minecraft:iron_chestplate":13,"minecraft:paper":48,"minecraft:diamond_pickaxe":1,"minecraft:yellow_dye":1,"minecraft:shield":2,"minecraft:stick":10679,"minecraft:iron_ingot":246,"minecraft:redstone_torch":1,"minecraft:dark_oak_fence_gate":27,"minecraft:shears":2,"minecraft:fishing_rod":2,"minecraft:stone_button":5,"minecraft:furnace":13,"minecraft:blast_furnace":4,"minecraft:dark_oak_trapdoor":263,"minecraft:cherry_sapling":1,"minecraft:oak_trapdoor":56,"minecraft:flint_and_steel":1,"minecraft:iron_axe":4,"minecraft:iron_hoe":2,"minecraft:minecart":3,"minecraft:cooked_beef":9,"minecraft:red_dye":1,"minecraft:diamond_sword":1,"minecraft:dark_oak_stairs":180,"minecraft:cooked_salmon":16,"minecraft:bucket":2,"minecraft:stone_axe":1,"minecraft:air":0,"minecraft:bread":14,"minecraft:acacia_boat":4,"minecraft:jungle_planks":32,"minecraft:blue_dye":1,"minecraft:white_wool":22,"minecraft:white_dye":1,"minecraft:stonecutter":1,"minecraft:anvil":1,"minecraft:acacia_planks":32,"minecraft:torch":448,"minecraft:clay":11,"minecraft:diamond_chestplate":1},"minecraft:broken":{"minecraft:diamond_helmet":2,"minecraft:iron_chestplate":1,"minecraft:fishing_rod":1,"minecraft:iron_hoe":1,"minecraft:brush":1,"minecraft:iron_axe":3,"minecraft:iron_pickaxe":9,"minecraft:iron_helmet":1,"minecraft:iron_shovel":4,"minecraft:stone_pickaxe":2,"minecraft:diamond_boots":1,"minecraft:stone_axe":1,"minecraft:flint_and_steel":1},"minecraft:custom":{"minecraft:interact_with_crafting_table":340,"minecraft:open_barrel":415,"minecraft:eat_cake_slice":7,"minecraft:leave_game":37,"minecraft:time_since_death":0,"minecraft:damage_blocked_by_shield":3627,"minecraft:play_time":2229477,"minecraft:deaths":11,"minecraft:jump":45465,"minecraft:enchant_item":2,"minecraft:interact_with_furnace":158,"minecraft:traded_with_villager":476,"minecraft:sleep_in_bed":122,"minecraft:damage_dealt":83545,"minecraft:interact_with_smoker":31,"minecraft:inspect_dispenser":17,"minecraft:horse_one_cm":4426,"minecraft:interact_with_anvil":18,"minecraft:sneak_time":129237,"minecraft:interact_with_blast_furnace":52,"minecraft:total_world_time":2229477,"minecraft:interact_with_stonecutter":32,"minecraft:time_since_rest":65,"minecraft:swim_one_cm":592886,"minecraft:fly_one_cm":8561162,"minecraft:open_chest":787,"minecraft:fish_caught":27,"minecraft:fall_one_cm":1223514,"minecraft:animals_bred":11,"minecraft:sprint_one_cm":5785308,"minecraft:drop":668,"minecraft:talked_to_villager":156,"minecraft:walk_on_water_one_cm":304245,"minecraft:player_kills":4,"minecraft:crouch_one_cm":396986,"minecraft:mob_kills":614,"minecraft:interact_with_campfire":90,"minecraft:climb_one_cm":89321,"minecraft:walk_one_cm":5469525,"minecraft:walk_under_water_one_cm":299631,"minecraft:boat_one_cm":67048,"minecraft:pot_flower":10,"minecraft:damage_taken":19726,"minecraft:damage_absorbed":98},"minecraft:picked_up":{"minecraft:wooden_axe":1,"minecraft:iron_chestplate":15,"minecraft:flower_pot":6,"minecraft:diamond_sword":10,"minecraft:smithing_table":1,"minecraft:lead":5,"minecraft:oak_stairs":29,"minecraft:enchanted_book":1,"minecraft:golden_sword":1,"minecraft:string":236,"minecraft:dark_oak_pressure_plate":1,"minecraft:dark_oak_trapdoor":114,"minecraft:cooked_salmon":70,"minecraft:pufferfish":8,"minecraft:diamond_leggings":6,"minecraft:cobbled_deepslate":2931,"minecraft:spruce_planks":6,"minecraft:trial_key":17,"minecraft:enchanted_golden_apple":3,"minecraft:melon_slice":25,"minecraft:dark_oak_door":2,"minecraft:composter":8,"minecraft:big_dripleaf":17,"minecraft:acacia_log":8,"minecraft:green_bed":1,"minecraft:waxed_copper_grate":3,"minecraft:deepslate_tile_stairs":35,"minecraft:golden_chestplate":1,"minecraft:tropical_fish":32,"minecraft:armadillo_scute":58,"minecraft:blaze_rod":3,"minecraft:birch_log":28,"minecraft:magma_block":5,"minecraft:feather":9,"minecraft:cooked_beef":23,"minecraft:water_bucket":9,"minecraft:jungle_log":54,"minecraft:dark_oak_boat":1,"minecraft:flint":10,"minecraft:lantern":6,"minecraft:stonecutter":1,"minecraft:rabbit":1,"minecraft:diamond_helmet":10,"minecraft:glowstone_dust":59,"minecraft:moss_block":337,"minecraft:ink_sac":6,"minecraft:dark_oak_log":1676,"minecraft:barrel":13,"minecraft:iron_hoe":5,"minecraft:dispenser":5,"minecraft:granite":139,"minecraft:bread":18,"minecraft:bricks":6,"minecraft:dark_oak_fence":25,"minecraft:ominous_trial_key":11,"minecraft:diamond_pickaxe":8,"minecraft:crimson_roots":2,"minecraft:crafting_table":14,"minecraft:ominous_bottle":6,"minecraft:nether_wart":10,"minecraft:clay_ball":196,"minecraft:wind_charge":100,"minecraft:cornflower":1,"minecraft:flow_banner_pattern":1,"minecraft:flint_and_steel":7,"minecraft:iron_shovel":4,"minecraft:beef":10,"minecraft:iron_nugget":48,"minecraft:poppy":22,"minecraft:minecart":10,"minecraft:guster_pottery_sherd":2,"minecraft:chest":3,"minecraft:birch_sapling":3,"minecraft:egg":25,"minecraft:flow_pottery_sherd":3,"minecraft:white_dye":19,"minecraft:carrot":1869,"minecraft:redstone":5,"minecraft:music_disc_creator_music_box":2,"minecraft:tnt":1,"minecraft:waxed_oxidized_chiseled_copper":1,"minecraft:diamond_chestplate":3,"minecraft:cooked_cod":14,"minecraft:decorated_pot":35,"minecraft:beetroot_seeds":1,"minecraft:deepslate_bricks":596,"minecraft:shears":1,"minecraft:diamond_boots":6,"minecraft:flow_armor_trim_smithing_template":1,"minecraft:gold_ingot":19,"minecraft:tuff_bricks":5,"minecraft:glow_berries":63,"minecraft:mutton":45,"minecraft:bone_block":24,"minecraft:white_wool":48,"minecraft:rail":23,"minecraft:lime_bed":4,"minecraft:red_mushroom":18,"minecraft:oak_log":365,"minecraft:lily_pad":1,"minecraft:white_banner":1,"minecraft:apple":26,"minecraft:spore_blossom":2,"minecraft:stone_pickaxe":2,"minecraft:flowering_azalea":13,"minecraft:dark_oak_stairs":94,"minecraft:dark_oak_slab":198,"minecraft:waxed_exposed_copper_bulb":1,"minecraft:gravel":137,"minecraft:spruce_sapling":48,"minecraft:spruce_log":831,"minecraft:crying_obsidian":2,"minecraft:polished_tuff":5,"minecraft:diamond_shovel":5,"minecraft:slime_ball":1,"minecraft:stone_axe":3,"minecraft:diamond_axe":3,"minecraft:painting":57,"minecraft:gray_wool":4,"minecraft:baked_potato":9,"minecraft:melon_seeds":1,"minecraft:stripped_dark_oak_log":16,"minecraft:wheat":42,"minecraft:potion":7,"minecraft:waxed_cut_copper_slab":4,"minecraft:raw_copper":13,"minecraft:iron_leggings":4,"minecraft:oak_sign":1,"minecraft:smooth_stone":6,"minecraft:dark_oak_leaves":18,"minecraft:azalea":23,"minecraft:iron_pickaxe":3,"minecraft:furnace":11,"minecraft:tipped_arrow":18,"minecraft:stick":168,"minecraft:deepslate_brick_wall":56,"minecraft:oak_fence":21,"minecraft:torch":427,"minecraft:porkchop":10,"minecraft:pointed_dripstone":1020,"minecraft:diorite":7,"minecraft:rotten_flesh":83,"minecraft:deepslate_brick_stairs":8,"minecraft:obsidian":2,"minecraft:cod":14,"minecraft:cobblestone":1160,"minecraft:andesite":46,"minecraft:tuff":5,"minecraft:acacia_boat":9,"minecraft:lapis_lazuli":250,"minecraft:dirt":2969,"minecraft:leather_boots":1,"minecraft:bone":138,"minecraft:bow":14,"minecraft:wheat_seeds":215,"minecraft:raw_gold":103,"minecraft:bell":1,"minecraft:bolt_armor_trim_smithing_template":1,"minecraft:fletching_table":11,"minecraft:bamboo":403,"minecraft:powered_rail":2,"minecraft:scrape_pottery_sherd":1,"minecraft:cooked_porkchop":3,"minecraft:sand":341,"minecraft:cyan_bed":1,"minecraft:dead_bush":2,"minecraft:lily_of_the_valley":22,"minecraft:jungle_slab":3,"minecraft:spectral_arrow":8,"minecraft:mossy_cobblestone":2,"minecraft:diamond":76,"minecraft:waxed_oxidized_copper_grate":3,"minecraft:crossbow":5,"minecraft:breeze_rod":27,"minecraft:bone_meal":43,"minecraft:golden_apple":9,"minecraft:emerald":107,"minecraft:oak_sapling":25,"minecraft:netherrack":693,"minecraft:fishing_rod":1,"minecraft:cocoa_beans":55,"minecraft:waxed_oxidized_cut_copper":1,"minecraft:splash_potion":1,"minecraft:chicken":7,"minecraft:brown_mushroom":24,"minecraft:brick":50,"minecraft:shield":11,"minecraft:oak_trapdoor":13,"minecraft:moss_carpet":75,"minecraft:iron_axe":5,"minecraft:blackstone":30,"minecraft:light_gray_wool":1,"minecraft:sugar_cane":122,"minecraft:dark_oak_sapling":95,"minecraft:raw_iron":297,"minecraft:stone_button":5,"minecraft:trident":2,"minecraft:dark_oak_planks":108,"minecraft:weeping_vines":1,"minecraft:arrow":298,"minecraft:nether_bricks":14,"minecraft:golden_carrot":2,"minecraft:glow_ink_sac":4,"minecraft:salmon":103,"minecraft:leather":17,"minecraft:birch_planks":106,"minecraft:waxed_copper_bulb":2,"minecraft:waxed_copper_block":2,"minecraft:yellow_bed":1,"minecraft:nether_wart_block":8,"minecraft:gunpowder":6,"minecraft:cooked_mutton":47,"minecraft:iron_ingot":68,"minecraft:cooked_chicken":10,"minecraft:soul_sand":5,"minecraft:music_disc_chirp":1,"minecraft:oak_slab":16,"minecraft:warped_fungus":5,"minecraft:emerald_block":2,"minecraft:pumpkin":5,"minecraft:birch_boat":1,"minecraft:quartz":13,"minecraft:dandelion":7,"minecraft:dripstone_block":730,"minecraft:blast_furnace":2,"minecraft:white_bed":18,"minecraft:dark_oak_fence_gate":2,"minecraft:spider_eye":54,"minecraft:chainmail_leggings":13,"minecraft:black_wool":2,"minecraft:coal":396},"minecraft:killed_by":{"minecraft:player":2},"minecraft:mined":{"minecraft:dark_oak_planks":17,"minecraft:white_bed":15,"minecraft:jungle_leaves":16,"minecraft:potted_dead_bush":1,"minecraft:granite":103,"minecraft:acacia_log":8,"minecraft:jungle_log":21,"minecraft:deepslate_bricks":380,"minecraft:deepslate_tile_stairs":32,"minecraft:nether_wart":10,"minecraft:weeping_vines_plant":1,"minecraft:tall_seagrass":4,"minecraft:magma_block":5,"minecraft:dark_oak_trapdoor":74,"minecraft:cobbled_deepslate":39,"minecraft:fire":125,"minecraft:barrel":6,"minecraft:moss_carpet":17,"minecraft:fletching_table":11,"minecraft:deepslate_lapis_ore":11,"minecraft:cave_vines":15,"minecraft:oak_sign":1,"minecraft:dirt_path":2,"minecraft:oak_stairs":4,"minecraft:deepslate_brick_stairs":4,"minecraft:deepslate_brick_wall":41,"minecraft:crimson_nylium":8,"minecraft:soul_fire":16,"minecraft:torch":57,"minecraft:blast_furnace":2,"minecraft:melon":4,"minecraft:dead_bush":7,"minecraft:glass":9,"minecraft:sugar_cane":59,"minecraft:bricks":7,"minecraft:waxed_copper_bulb":4,"minecraft:wheat":41,"minecraft:waxed_copper_block":3,"minecraft:warped_fungus":5,"minecraft:dark_oak_sapling":3,"minecraft:red_mushroom_block":45,"minecraft:stonecutter":1,"minecraft:deepslate":2205,"minecraft:mossy_cobblestone":2,"minecraft:dark_oak_log":1269,"minecraft:waxed_oxidized_chiseled_copper":1,"minecraft:nether_bricks":17,"minecraft:dark_oak_fence":27,"minecraft:crimson_roots":3,"minecraft:moss_block":343,"minecraft:red_mushroom":2,"minecraft:waxed_oxidized_cut_copper":1,"minecraft:waxed_copper_grate":3,"minecraft:andesite":22,"minecraft:big_dripleaf_stem":2,"minecraft:vine":11,"minecraft:rail":23,"minecraft:bamboo":32,"minecraft:bone_block":24,"minecraft:white_wool":1,"minecraft:smithing_table":1,"minecraft:oak_slab":15,"minecraft:lily_of_the_valley":3,"minecraft:dandelion":7,"minecraft:cornflower":1,"minecraft:short_grass":409,"minecraft:tall_grass":46,"minecraft:copper_ore":3,"minecraft:deepslate_gold_ore":36,"minecraft:diorite":9,"minecraft:big_dripleaf":3,"minecraft:spruce_log":831,"minecraft:birch_leaves":2,"minecraft:gravel":100,"minecraft:dripstone_block":732,"minecraft:cobweb":11,"minecraft:fern":81,"minecraft:waxed_cut_copper_slab":1,"minecraft:jungle_slab":6,"minecraft:potted_cactus":1,"minecraft:cave_vines_plant":10,"minecraft:grass_block":1438,"minecraft:composter":8,"minecraft:tuff_bricks":5,"minecraft:glowstone":31,"minecraft:iron_ore":137,"minecraft:polished_tuff":4,"minecraft:dark_oak_stairs":67,"minecraft:pointed_dripstone":149,"minecraft:azalea":4,"minecraft:melon_stem":1,"minecraft:clay":43,"minecraft:poppy":22,"minecraft:chest":3,"minecraft:mushroom_stem":18,"minecraft:nether_quartz_ore":8,"minecraft:cobblestone":72,"minecraft:wall_torch":15,"minecraft:seagrass":6,"minecraft:powered_rail":1,"minecraft:dark_oak_slab":97,"minecraft:dark_oak_door":2,"minecraft:birch_log":26,"minecraft:tnt":1,"minecraft:oak_log":267,"minecraft:beetroots":1,"minecraft:waxed_oxidized_copper":1,"minecraft:sand":342,"minecraft:dirt":1142,"minecraft:dispenser":1,"minecraft:netherrack":500,"minecraft:oak_leaves":71,"minecraft:tuff":7,"minecraft:dark_oak_leaves":135,"minecraft:deepslate_diamond_ore":50,"minecraft:dark_oak_pressure_plate":1,"minecraft:stone_button":1,"minecraft:decorated_pot":47,"minecraft:potted_azalea_bush":1,"minecraft:brown_mushroom_block":122,"minecraft:spruce_leaves":2,"minecraft:spore_blossom":1,"minecraft:oak_trapdoor":2,"minecraft:spruce_sapling":2,"minecraft:furnace":4,"minecraft:carrots":428,"minecraft:dark_oak_fence_gate":2,"minecraft:bell":1,"minecraft:deepslate_iron_ore":130,"minecraft:lantern":4,"minecraft:stone":711,"minecraft:podzol":113,"minecraft:waxed_exposed_copper_bulb":1,"minecraft:acacia_leaves":1,"minecraft:flowering_azalea":1,"minecraft:stripped_dark_oak_log":16,"minecraft:crafting_table":9,"minecraft:lapis_ore":1,"minecraft:birch_planks":3,"minecraft:waxed_oxidized_copper_grate":6,"minecraft:coal_ore":331,"minecraft:cocoa":19,"minecraft:flower_pot":4},"minecraft:killed":{"minecraft:skeleton":122,"minecraft:chicken":4,"minecraft:salmon":88,"minecraft:pillager":4,"minecraft:zombie":122,"minecraft:cow":11,"minecraft:husk":1,"minecraft:rabbit":1,"minecraft:breeze":16,"minecraft:enderman":1,"minecraft:spider":141,"minecraft:silverfish":1,"minecraft:piglin":11,"minecraft:pig":3,"minecraft:creeper":10,"minecraft:sheep":29,"minecraft:trader_llama":2,"minecraft:ghast":2,"minecraft:blaze":11,"minecraft:slime":1,"minecraft:drowned":1,"minecraft:hoglin":4,"minecraft:wither_skeleton":5},"minecraft:dropped":{"minecraft:lapis_lazuli":4,"minecraft:cooked_beef":5,"minecraft:glow_ink_sac":4,"minecraft:glass_bottle":3,"minecraft:weeping_vines":1,"minecraft:dark_oak_slab":5,"minecraft:crossbow":1,"minecraft:glow_berries":1,"minecraft:dark_oak_button":4,"minecraft:music_disc_creator_music_box":1,"minecraft:emerald":1,"minecraft:dirt":138,"minecraft:stone_button":1,"minecraft:bone_meal":18,"minecraft:dark_oak_planks":7,"minecraft:bone":12,"minecraft:waxed_cut_copper_slab":1,"minecraft:stone_axe":2,"minecraft:sugar_cane":2,"minecraft:music_disc_chirp":1,"minecraft:cobbled_deepslate":64,"minecraft:birch_sapling":1,"minecraft:wheat":28,"minecraft:rotten_flesh":15,"minecraft:enchanted_golden_apple":1,"minecraft:glowstone_dust":3,"minecraft:white_bed":9,"minecraft:salmon":2,"minecraft:wind_charge":9,"minecraft:lime_bed":1,"minecraft:jungle_log":9,"minecraft:glass":192,"minecraft:crying_obsidian":1,"minecraft:iron_ingot":9,"minecraft:wheat_seeds":37,"minecraft:tnt":1,"minecraft:oak_fence":42,"minecraft:cobblestone":16,"minecraft:granite":6,"minecraft:coal":8,"minecraft:golden_apple":3,"minecraft:diamond_horse_armor":1,"minecraft:gray_wool":2,"minecraft:wooden_axe":1,"minecraft:cooked_salmon":3,"minecraft:armadillo_scute":1,"minecraft:chainmail_leggings":13,"minecraft:string":45,"minecraft:acacia_planks":2,"minecraft:iron_boots":10,"minecraft:lily_of_the_valley":10,"minecraft:diamond_sword":1,"minecraft:big_dripleaf":5,"minecraft:diamond_pickaxe":3,"minecraft:yellow_bed":1,"minecraft:spider_eye":20,"minecraft:bamboo":226,"minecraft:bow":1,"minecraft:cyan_bed":1,"minecraft:soul_sand":5,"minecraft:dark_oak_sapling":17,"minecraft:decorated_pot":1,"minecraft:leather":3,"minecraft:flint":1,"minecraft:deepslate_tile_stairs":3,"minecraft:dark_oak_log":158,"minecraft:dispenser":5,"minecraft:gold_ingot":46,"minecraft:gravel":41,"minecraft:blackstone":15,"minecraft:pointed_dripstone":1,"minecraft:carrot":529,"minecraft:chainmail_chestplate":16,"minecraft:poppy":6,"minecraft:melon_seeds":1,"minecraft:chainmail_boots":12,"minecraft:azalea":1,"minecraft:quartz":13,"minecraft:netherrack":4,"minecraft:water_bucket":1,"minecraft:minecart":1,"minecraft:polished_tuff":2,"minecraft:dark_oak_pressure_plate":12,"minecraft:tropical_fish":3,"minecraft:ominous_trial_key":1,"minecraft:stick":13,"minecraft:diorite":5,"minecraft:nether_wart_block":4,"minecraft:iron_leggings":1,"minecraft:iron_axe":2,"minecraft:flow_banner_pattern":1,"minecraft:oak_trapdoor":10,"minecraft:blaze_rod":3,"minecraft:wild_armor_trim_smithing_template":2,"minecraft:iron_hoe":4,"minecraft:flint_and_steel":1,"minecraft:trial_key":8,"minecraft:iron_chestplate":10,"minecraft:andesite":21,"minecraft:oak_sapling":19,"minecraft:golden_sword":1,"minecraft:diamond_boots":1,"minecraft:stone_pickaxe":1,"minecraft:raw_gold":1,"minecraft:brick":8},"minecraft:used":{"minecraft:moss_block":143,"minecraft:tuff_bricks":2,"minecraft:dispenser":1,"minecraft:chest":33,"minecraft:rotten_flesh":41,"minecraft:jungle_slab":3,"minecraft:birch_sapling":1,"minecraft:dark_oak_leaves":12,"minecraft:dark_oak_slab":321,"minecraft:waxed_exposed_copper_bulb":1,"minecraft:stone_brick_stairs":4,"minecraft:bow":192,"minecraft:ominous_bottle":1,"minecraft:furnace":8,"minecraft:cooked_cod":14,"minecraft:brick":3,"minecraft:egg":25,"minecraft:deepslate_brick_wall":180,"minecraft:diorite":1,"minecraft:powered_rail":2,"minecraft:blackstone":15,"minecraft:wooden_pickaxe":30,"minecraft:emerald":36,"minecraft:composter":51,"minecraft:clay":11,"minecraft:glow_berries":64,"minecraft:golden_apple":3,"minecraft:dark_oak_trapdoor":333,"minecraft:sand":2,"minecraft:blast_furnace":5,"minecraft:deepslate_brick_stairs":27,"minecraft:crying_obsidian":1,"minecraft:stone_button":6,"minecraft:bone":9,"minecraft:spore_blossom":2,"minecraft:nether_wart_block":4,"minecraft:diamond_sword":1241,"minecraft:smithing_table":1,"minecraft:dark_oak_fence":187,"minecraft:birch_log":1,"minecraft:oak_trapdoor":53,"minecraft:cooked_salmon":92,"minecraft:trial_key":8,"minecraft:netherrack":594,"minecraft:torch":501,"minecraft:anvil":1,"minecraft:flowering_azalea":8,"minecraft:iron_axe":802,"minecraft:barrel":68,"minecraft:diamond_chestplate":1,"minecraft:cobbled_deepslate":145,"minecraft:pointed_dripstone":69,"minecraft:wheat_seeds":97,"minecraft:water_bucket":331,"minecraft:birch_planks":3,"minecraft:waxed_oxidized_cut_copper":1,"minecraft:fletching_table":13,"minecraft:deepslate_bricks":2166,"minecraft:mossy_cobblestone":2,"minecraft:rail":45,"minecraft:oak_slab":46,"minecraft:crafting_table":18,"minecraft:campfire":7,"minecraft:white_bed":18,"minecraft:dark_oak_fence_gate":21,"minecraft:cake":1,"minecraft:spruce_log":2,"minecraft:diamond_pickaxe":3390,"minecraft:ominous_trial_key":6,"minecraft:diamond_shovel":1852,"minecraft:acacia_sign":3,"minecraft:wind_charge":25,"minecraft:iron_pickaxe":2204,"minecraft:spruce_sapling":42,"minecraft:cobblestone":77,"minecraft:potion":3,"minecraft:cooked_porkchop":3,"minecraft:diamond_leggings":2,"minecraft:moss_carpet":356,"minecraft:iron_shovel":1220,"minecraft:oak_sign":32,"minecraft:decorated_pot":26,"minecraft:shield":146,"minecraft:iron_chestplate":3,"minecraft:mutton":5,"minecraft:waxed_oxidized_chiseled_copper":1,"minecraft:carrot":880,"minecraft:tuff":2,"minecraft:axolotl_bucket":4,"minecraft:big_dripleaf":8,"minecraft:glass":153,"minecraft:waxed_oxidized_copper_grate":2,"minecraft:bricks":7,"minecraft:lantern":56,"minecraft:iron_helmet":1,"minecraft:crimson_roots":2,"minecraft:magma_block":5,"minecraft:warped_fungus":3,"minecraft:dark_oak_sapling":48,"minecraft:golden_boots":1,"minecraft:dark_oak_stairs":230,"minecraft:diamond_boots":5,"minecraft:stone_pickaxe":260,"minecraft:sugar_cane":13,"minecraft:diamond_axe":2292,"minecraft:white_wool":1,"minecraft:crossbow":37,"minecraft:dripstone_block":629,"minecraft:shears":19,"minecraft:polished_tuff":2,"minecraft:redstone_torch":1,"minecraft:dark_oak_log":129,"minecraft:melon_slice":12,"minecraft:bread":31,"minecraft:string":39,"minecraft:deepslate":1,"minecraft:gravel":96,"minecraft:andesite":14,"minecraft:tropical_fish_bucket":7,"minecraft:bone_meal":241,"minecraft:waxed_copper_bulb":2,"minecraft:azalea":17,"minecraft:trident":1,"minecraft:flint_and_steel":80,"minecraft:tropical_fish":29,"minecraft:cooked_chicken":7,"minecraft:dirt":1942,"minecraft:diamond_helmet":3,"minecraft:granite":69,"minecraft:iron_hoe":319,"minecraft:dark_oak_planks":70,"minecraft:wooden_axe":7,"minecraft:bookshelf":1,"minecraft:oak_stairs":11,"minecraft:golden_carrot":2,"minecraft:waxed_cut_copper_slab":2,"minecraft:dark_oak_pressure_plate":1,"minecraft:deepslate_tile_stairs":52,"minecraft:minecart":3,"minecraft:cooked_beef":25,"minecraft:pumpkin":5,"minecraft:iron_leggings":1,"minecraft:cooked_mutton":27,"minecraft:acacia_boat":12,"minecraft:baked_potato":9,"minecraft:birch_boat":2,"minecraft:stonecutter":2,"minecraft:green_bed":1,"minecraft:waxed_copper_block":2,"minecraft:stripped_dark_oak_log":16,"minecraft:lime_bed":3,"minecraft:painting":62,"minecraft:smoker":1,"minecraft:dark_oak_door":6,"minecraft:flower_pot":15,"minecraft:apple":13,"minecraft:stone_axe":86,"minecraft:fishing_rod":62,"minecraft:bucket":343}},"DataVersion":3953}