{"stats":{"minecraft:used":{"minecraft:cooked_mutton":3,"minecraft:trident":1,"minecraft:water_bucket":71,"minecraft:iron_shovel":131,"minecraft:shield":2,"minecraft:wooden_pickaxe":15,"minecraft:cooked_salmon":4,"minecraft:torch":6,"minecraft:glow_berries":5,"minecraft:dirt":9,"minecraft:tnt":4,"minecraft:crafting_table":2,"minecraft:carrot":54,"minecraft:white_bed":1,"minecraft:tuff":15,"minecraft:iron_axe":40,"minecraft:iron_pickaxe":229,"minecraft:bow":2,"minecraft:cobblestone":139,"minecraft:furnace":2,"minecraft:andesite":22,"minecraft:bucket":71,"minecraft:cobbled_deepslate":91},"minecraft:mined":{"minecraft:tuff":18,"minecraft:deepslate_diamond_ore":13,"minecraft:dark_oak_log":12,"minecraft:crafting_table":1,"minecraft:clay":3,"minecraft:torch":1,"minecraft:cave_vines_plant":3,"minecraft:granite":2,"minecraft:short_grass":12,"minecraft:grass_block":6,"minecraft:cobblestone":23,"minecraft:tall_grass":3,"minecraft:sugar_cane":8,"minecraft:moss_block":2,"minecraft:wall_torch":2,"minecraft:carrots":2,"minecraft:iron_ore":9,"minecraft:cobbled_deepslate":8,"minecraft:tnt":1,"minecraft:deepslate_lapis_ore":2,"minecraft:cave_vines":1,"minecraft:deepslate_iron_ore":4,"minecraft:sand":114,"minecraft:dirt":7,"minecraft:dripstone_block":1,"minecraft:stone":30,"minecraft:deepslate":108,"minecraft:fern":2},"minecraft:dropped":{"minecraft:diamond":3,"minecraft:rotten_flesh":1,"minecraft:white_bed":2,"minecraft:iron_pickaxe":1,"minecraft:white_wool":2},"minecraft:picked_up":{"minecraft:crafting_table":1,"minecraft:clay_ball":12,"minecraft:salmon":2,"minecraft:tuff":18,"minecraft:lapis_lazuli":11,"minecraft:dirt":9,"minecraft:cooked_salmon":2,"minecraft:iron_leggings":1,"minecraft:cooked_mutton":3,"minecraft:bone":1,"minecraft:bow":1,"minecraft:wheat_seeds":5,"minecraft:cobbled_deepslate":107,"minecraft:moss_block":2,"minecraft:sugar_cane":16,"minecraft:raw_iron":13,"minecraft:torch":6,"minecraft:dripstone_block":4,"minecraft:sand":113,"minecraft:pointed_dripstone":4,"minecraft:white_bed":2,"minecraft:carrot":53,"minecraft:dark_oak_log":12,"minecraft:tnt":3,"minecraft:rotten_flesh":1,"minecraft:arrow":2,"minecraft:diamond_chestplate":1,"minecraft:diamond":13,"minecraft:iron_helmet":1,"minecraft:granite":1,"minecraft:glow_berries":5,"minecraft:cobblestone":59},"minecraft:custom":{"minecraft:interact_with_furnace":5,"minecraft:interact_with_anvil":3,"minecraft:mob_kills":6,"minecraft:interact_with_crafting_table":13,"minecraft:interact_with_stonecutter":1,"minecraft:leave_game":3,"minecraft:time_since_death":94065,"minecraft:sleep_in_bed":4,"minecraft:climb_one_cm":2123,"minecraft:time_since_rest":1758,"minecraft:sprint_one_cm":483788,"minecraft:damage_taken":1375,"minecraft:walk_one_cm":279308,"minecraft:damage_blocked_by_shield":55,"minecraft:drop":8,"minecraft:damage_dealt":2022,"minecraft:swim_one_cm":14018,"minecraft:player_kills":1,"minecraft:fly_one_cm":257431,"minecraft:open_chest":43,"minecraft:crouch_one_cm":15345,"minecraft:play_time":94065,"minecraft:sneak_time":4949,"minecraft:walk_under_water_one_cm":12447,"minecraft:boat_one_cm":340,"minecraft:jump":1824,"minecraft:interact_with_blast_furnace":3,"minecraft:walk_on_water_one_cm":38567,"minecraft:interact_with_smoker":3,"minecraft:total_world_time":94065,"minecraft:fall_one_cm":37109},"minecraft:crafted":{"minecraft:crafting_table":1,"minecraft:iron_sword":1,"minecraft:furnace":2,"minecraft:cooked_salmon":2,"minecraft:air":0,"minecraft:iron_boots":1,"minecraft:shield":1,"minecraft:iron_axe":1,"minecraft:stick":8,"minecraft:iron_pickaxe":1,"minecraft:iron_shovel":1,"minecraft:white_bed":1,"minecraft:dark_oak_planks":48},"minecraft:broken":{"minecraft:wooden_pickaxe":1},"minecraft:killed":{"minecraft:skeleton":1,"minecraft:zombie":5}},"DataVersion":3953}