{"stats":{"minecraft:used":{"minecraft:moss_block":1,"minecraft:iron_shovel":153,"minecraft:dispenser":3,"minecraft:chest":16,"minecraft:shield":113,"minecraft:rotten_flesh":10,"minecraft:iron_chestplate":1,"minecraft:nether_bricks":41,"minecraft:carrot":50,"minecraft:jungle_slab":6,"minecraft:obsidian":32,"minecraft:glass":192,"minecraft:lantern":13,"minecraft:iron_helmet":3,"minecraft:dark_oak_slab":136,"minecraft:stone_brick_stairs":10,"minecraft:stone_bricks":243,"minecraft:dark_oak_boat":7,"minecraft:oak_sapling":3,"minecraft:furnace":11,"minecraft:dark_oak_stairs":86,"minecraft:stone_pickaxe":131,"minecraft:powered_rail":6,"minecraft:oak_planks":150,"minecraft:wooden_pickaxe":7,"minecraft:composter":2,"minecraft:glow_berries":5,"minecraft:dark_oak_trapdoor":3,"minecraft:sand":4,"minecraft:crossbow":2,"minecraft:dripstone_block":1,"minecraft:redstone_torch":1,"minecraft:dark_oak_log":186,"minecraft:melon_slice":73,"minecraft:bread":184,"minecraft:cyan_bed":1,"minecraft:stone_button":1,"minecraft:gravel":4,"minecraft:jungle_sign":3,"minecraft:diamond_sword":172,"minecraft:andesite":7,"minecraft:bone_meal":9,"minecraft:azalea":1,"minecraft:oak_trapdoor":11,"minecraft:enchanting_table":1,"minecraft:flint_and_steel":3,"minecraft:stone_shovel":126,"minecraft:netherrack":384,"minecraft:torch":124,"minecraft:brewing_stand":2,"minecraft:dirt":129,"minecraft:diamond_helmet":2,"minecraft:iron_hoe":82,"minecraft:dark_oak_planks":9,"minecraft:iron_axe":678,"minecraft:iron_boots":3,"minecraft:glowstone":33,"minecraft:beef":1,"minecraft:soul_soil":3,"minecraft:cooked_beef":26,"minecraft:cobbled_deepslate":12,"minecraft:golden_axe":56,"minecraft:iron_leggings":3,"minecraft:cooked_mutton":16,"minecraft:acacia_boat":1,"minecraft:water_bucket":24,"minecraft:polished_andesite":8,"minecraft:fletching_table":3,"minecraft:rail":10,"minecraft:stripped_dark_oak_log":12,"minecraft:lime_bed":3,"minecraft:crafting_table":21,"minecraft:white_bed":30,"minecraft:dark_oak_door":2,"minecraft:wooden_hoe":59,"minecraft:diamond_pickaxe":2107,"minecraft:iron_pickaxe":1735,"minecraft:stone_axe":78,"minecraft:cobblestone":509,"minecraft:white_banner":1,"minecraft:cooked_porkchop":20,"minecraft:bucket":26},"minecraft:picked_up":{"minecraft:iron_chestplate":2,"minecraft:wheat":31,"minecraft:diamond_sword":5,"minecraft:potion":1,"minecraft:nether_brick":8,"minecraft:stone_brick_stairs":2,"minecraft:brewing_stand":2,"minecraft:raw_copper":54,"minecraft:string":2,"minecraft:dark_oak_trapdoor":1,"minecraft:soul_soil":3,"minecraft:iron_leggings":3,"minecraft:diamond_leggings":1,"minecraft:cobbled_deepslate":25,"minecraft:redstone_torch":4,"minecraft:azalea":1,"minecraft:iron_pickaxe":3,"minecraft:melon_slice":77,"minecraft:iron_boots":1,"minecraft:furnace":6,"minecraft:dark_oak_door":3,"minecraft:stick":33,"minecraft:torch":99,"minecraft:porkchop":33,"minecraft:golden_axe":2,"minecraft:diorite":16,"minecraft:rotten_flesh":41,"minecraft:glowstone":6,"minecraft:blaze_rod":2,"minecraft:obsidian":52,"minecraft:cobblestone":2589,"minecraft:birch_log":18,"minecraft:cooked_beef":6,"minecraft:andesite":7,"minecraft:water_bucket":1,"minecraft:jungle_log":8,"minecraft:brown_wool":1,"minecraft:dark_oak_boat":6,"minecraft:flint":9,"minecraft:tuff":1,"minecraft:acacia_boat":2,"minecraft:lapis_lazuli":147,"minecraft:dirt":576,"minecraft:lantern":2,"minecraft:bone":18,"minecraft:glass":192,"minecraft:bow":1,"minecraft:wheat_seeds":45,"minecraft:raw_gold":15,"minecraft:glowstone_dust":144,"minecraft:fletching_table":2,"minecraft:diamond_helmet":1,"minecraft:bamboo":24,"minecraft:powered_rail":6,"minecraft:moss_block":2,"minecraft:oak_planks":11,"minecraft:ghast_tear":1,"minecraft:cooked_porkchop":5,"minecraft:jungle_planks":1,"minecraft:sand":29,"minecraft:cyan_bed":1,"minecraft:jungle_slab":8,"minecraft:spectral_arrow":8,"minecraft:dark_oak_log":360,"minecraft:iron_hoe":2,"minecraft:dispenser":3,"minecraft:diamond":38,"minecraft:crossbow":4,"minecraft:granite":41,"minecraft:bone_meal":13,"minecraft:bread":2,"minecraft:oak_sapling":12,"minecraft:crimson_roots":2,"minecraft:netherrack":885,"minecraft:diamond_pickaxe":2,"minecraft:crafting_table":14,"minecraft:ominous_bottle":3,"minecraft:nether_wart":15,"minecraft:clay_ball":28,"minecraft:brown_mushroom":3,"minecraft:pink_wool":5,"minecraft:brick":3,"minecraft:shield":1,"minecraft:oak_trapdoor":11,"minecraft:iron_axe":5,"minecraft:flint_and_steel":3,"minecraft:iron_shovel":3,"minecraft:beef":26,"minecraft:iron_nugget":7,"minecraft:light_gray_wool":4,"minecraft:minecart":20,"minecraft:guster_pottery_sherd":1,"minecraft:birch_sapling":1,"minecraft:sugar_cane":46,"minecraft:chest":4,"minecraft:dark_oak_sapling":12,"minecraft:raw_iron":93,"minecraft:stone":64,"minecraft:fire_charge":1,"minecraft:white_dye":3,"minecraft:stone_button":6,"minecraft:carrot":187,"minecraft:redstone":8,"minecraft:jungle_sign":2,"minecraft:dark_oak_planks":10,"minecraft:tnt":9,"minecraft:stone_shovel":1,"minecraft:diamond_chestplate":2,"minecraft:arrow":45,"minecraft:nether_bricks":41,"minecraft:diamond_boots":1,"minecraft:hay_block":91,"minecraft:gold_ingot":33,"minecraft:mutton":26,"minecraft:white_wool":18,"minecraft:rail":11,"minecraft:lime_bed":3,"minecraft:glow_ink_sac":1,"minecraft:cut_sandstone":2,"minecraft:leather":20,"minecraft:red_mushroom":18,"minecraft:birch_planks":44,"minecraft:oak_log":49,"minecraft:cobblestone_stairs":27,"minecraft:white_banner":4,"minecraft:orange_terracotta":2,"minecraft:apple":2,"minecraft:stone_bricks":318,"minecraft:iron_ingot":31,"minecraft:soul_sand":15,"minecraft:dark_oak_stairs":67,"minecraft:oak_slab":6,"minecraft:smooth_basalt":2,"minecraft:dark_oak_slab":164,"minecraft:red_wool":1,"minecraft:quartz":19,"minecraft:dripstone_block":4,"minecraft:gravel":208,"minecraft:white_bed":26,"minecraft:crying_obsidian":1,"minecraft:stone_axe":1,"minecraft:iron_helmet":2,"minecraft:gray_wool":4,"minecraft:stripped_dark_oak_log":12,"minecraft:coal":362},"minecraft:dropped":{"minecraft:guster_pottery_sherd":1,"minecraft:cooked_beef":1,"minecraft:oak_log":1,"minecraft:leather":7,"minecraft:dirt":48,"minecraft:stone_button":4,"minecraft:cut_sandstone":2,"minecraft:bone_meal":13,"minecraft:gold_ingot":23,"minecraft:bone":1,"minecraft:stone_axe":1,"minecraft:wheat":184,"minecraft:rotten_flesh":2,"minecraft:carrot":136,"minecraft:white_dye":3,"minecraft:arrow":3,"minecraft:crying_obsidian":1,"minecraft:netherrack":128,"minecraft:bread":34,"minecraft:wheat_seeds":23,"minecraft:minecart":9,"minecraft:spectral_arrow":8,"minecraft:melon_slice":3,"minecraft:iron_leggings":1,"minecraft:string":1,"minecraft:smooth_basalt":2,"minecraft:iron_hoe":1,"minecraft:diamond_sword":3,"minecraft:orange_terracotta":2,"minecraft:redstone_torch":2,"minecraft:wooden_pickaxe":1,"minecraft:brick":3},"minecraft:killed":{"minecraft:witch":2,"minecraft:spider":3,"minecraft:skeleton":21,"minecraft:piglin":6,"minecraft:pig":12,"minecraft:sheep":18,"minecraft:pillager":5,"minecraft:zombie":29,"minecraft:cow":13,"minecraft:blaze":3,"minecraft:hoglin":4,"minecraft:wither_skeleton":3},"minecraft:custom":{"minecraft:interact_with_crafting_table":172,"minecraft:open_barrel":41,"minecraft:leave_game":14,"minecraft:time_since_death":112450,"minecraft:sprint_one_cm":2451646,"minecraft:damage_blocked_by_shield":3176,"minecraft:drop":454,"minecraft:talked_to_villager":16,"minecraft:play_time":743181,"minecraft:deaths":3,"minecraft:jump":17441,"minecraft:interact_with_brewingstand":1,"minecraft:walk_on_water_one_cm":75197,"minecraft:enchant_item":8,"minecraft:interact_with_furnace":157,"minecraft:sleep_in_bed":24,"minecraft:damage_dealt":21309,"minecraft:crouch_one_cm":351491,"minecraft:interact_with_smoker":11,"minecraft:inspect_dispenser":9,"minecraft:mob_kills":123,"minecraft:interact_with_campfire":8,"minecraft:climb_one_cm":16717,"minecraft:walk_one_cm":1545107,"minecraft:sneak_time":104881,"minecraft:walk_under_water_one_cm":37718,"minecraft:boat_one_cm":27348,"minecraft:interact_with_blast_furnace":1,"minecraft:total_world_time":743181,"minecraft:interact_with_stonecutter":2,"minecraft:time_since_rest":677,"minecraft:damage_taken":11588,"minecraft:swim_one_cm":42681,"minecraft:fly_one_cm":3311610,"minecraft:open_chest":426,"minecraft:fall_one_cm":535734},"minecraft:mined":{"minecraft:white_bed":18,"minecraft:jungle_slab":2,"minecraft:cobblestone_stairs":27,"minecraft:jungle_leaves":1,"minecraft:brewing_stand":2,"minecraft:obsidian":23,"minecraft:granite":41,"minecraft:grass_block":90,"minecraft:jungle_log":7,"minecraft:soul_soil":3,"minecraft:nether_wart":15,"minecraft:glowstone":43,"minecraft:dark_oak_trapdoor":1,"minecraft:iron_ore":58,"minecraft:fire":32,"minecraft:fletching_table":2,"minecraft:deepslate_lapis_ore":19,"minecraft:dark_oak_stairs":38,"minecraft:cave_vines":2,"minecraft:azalea":1,"minecraft:cut_sandstone":5,"minecraft:crimson_nylium":6,"minecraft:soul_fire":1,"minecraft:orange_terracotta":1,"minecraft:clay":7,"minecraft:torch":46,"minecraft:melon":9,"minecraft:chest":3,"minecraft:mushroom_stem":4,"minecraft:glass":21,"minecraft:cobblestone":97,"minecraft:sugar_cane":21,"minecraft:oak_planks":6,"minecraft:wall_torch":9,"minecraft:powered_rail":1,"minecraft:dark_oak_slab":44,"minecraft:dark_oak_door":1,"minecraft:birch_log":18,"minecraft:tnt":9,"minecraft:stone_brick_stairs":2,"minecraft:oak_log":48,"minecraft:sand":2,"minecraft:dirt":257,"minecraft:smooth_basalt":2,"minecraft:red_mushroom_block":46,"minecraft:dispenser":2,"minecraft:netherrack":851,"minecraft:oak_leaves":44,"minecraft:deepslate":25,"minecraft:diamond_ore":1,"minecraft:tuff":2,"minecraft:dark_oak_leaves":4,"minecraft:deepslate_diamond_ore":34,"minecraft:dark_oak_log":251,"minecraft:nether_bricks":39,"minecraft:stone_button":1,"minecraft:decorated_pot":1,"minecraft:crimson_roots":1,"minecraft:brown_mushroom_block":2,"minecraft:moss_block":1,"minecraft:pink_wool":5,"minecraft:hay_block":91,"minecraft:oak_trapdoor":8,"minecraft:furnace":6,"minecraft:carrots":42,"minecraft:andesite":7,"minecraft:deepslate_iron_ore":27,"minecraft:vine":10,"minecraft:rail":10,"minecraft:lantern":1,"minecraft:bamboo":2,"minecraft:stone":2433,"minecraft:white_wool":1,"minecraft:podzol":4,"minecraft:red_wool":1,"minecraft:soul_sand":5,"minecraft:stripped_dark_oak_log":12,"minecraft:crafting_table":14,"minecraft:short_grass":62,"minecraft:tall_grass":3,"minecraft:copper_ore":14,"minecraft:deepslate_coal_ore":3,"minecraft:deepslate_gold_ore":13,"minecraft:diorite":16,"minecraft:redstone_torch":1,"minecraft:coal_ore":142,"minecraft:gravel":68,"minecraft:dripstone_block":1,"minecraft:stone_bricks":45,"minecraft:gold_ore":2,"minecraft:fern":12,"minecraft:jungle_wall_sign":1},"minecraft:killed_by":{"minecraft:pillager":1,"minecraft:player":2},"minecraft:crafted":{"minecraft:oak_planks":192,"minecraft:dark_oak_boat":2,"minecraft:stone":384,"minecraft:cooked_mutton":16,"minecraft:dark_oak_door":3,"minecraft:diamond_helmet":1,"minecraft:diamond_leggings":1,"minecraft:iron_boots":1,"minecraft:chest":16,"minecraft:stone_bricks":384,"minecraft:oak_slab":6,"minecraft:cooked_porkchop":18,"minecraft:crafting_table":8,"minecraft:wooden_pickaxe":1,"minecraft:iron_helmet":1,"minecraft:fletching_table":1,"minecraft:birch_planks":72,"minecraft:stone_brick_stairs":8,"minecraft:dark_oak_slab":120,"minecraft:wooden_hoe":1,"minecraft:iron_chestplate":1,"minecraft:diamond_pickaxe":2,"minecraft:shield":2,"minecraft:stick":44,"minecraft:iron_ingot":79,"minecraft:iron_pickaxe":6,"minecraft:gold_ingot":6,"minecraft:composter":2,"minecraft:jungle_sign":3,"minecraft:polished_andesite":8,"minecraft:stone_shovel":1,"minecraft:iron_nugget":99,"minecraft:furnace":6,"minecraft:dark_oak_trapdoor":2,"minecraft:bone_meal":18,"minecraft:flint_and_steel":1,"minecraft:lantern":11,"minecraft:iron_axe":3,"minecraft:stone_pickaxe":1,"minecraft:diamond_boots":1,"minecraft:dark_oak_planks":288,"minecraft:wheat":783,"minecraft:cooked_beef":23,"minecraft:diamond_sword":1,"minecraft:dark_oak_stairs":48,"minecraft:enchanting_table":1,"minecraft:powered_rail":6,"minecraft:bucket":2,"minecraft:stone_axe":1,"minecraft:glowstone":33,"minecraft:jungle_slab":18,"minecraft:jungle_planks":28,"minecraft:bread":210,"minecraft:air":0,"minecraft:iron_shovel":1,"minecraft:iron_leggings":1,"minecraft:white_bed":4,"minecraft:torch":96,"minecraft:diamond_chestplate":1},"minecraft:broken":{"minecraft:iron_boots":1,"minecraft:iron_chestplate":1,"minecraft:iron_leggings":1,"minecraft:stone_pickaxe":1,"minecraft:stone_axe":1,"minecraft:leather_helmet":1,"minecraft:shield":1,"minecraft:iron_axe":2,"minecraft:iron_pickaxe":6,"minecraft:iron_helmet":1,"minecraft:wooden_hoe":1}},"DataVersion":3953}