{
  "minecraft:recipes/building_blocks/pink_concrete_powder": {
    "criteria": {
      "has_sand": "2024-08-16 04:05:39 +0000"
    },
    "done": true
  },
  "minecraft:recipes/building_blocks/red_concrete_powder": {
    "criteria": {
      "has_sand": "2024-08-16 04:05:39 +0000"
    },
    "done": true
  },
  "minecraft:recipes/building_blocks/sandstone_slab": {
    "criteria": {
      "has_sandstone": "2024-08-16 04:05:38 +0000"
    },
    "done": true
  },
  "create:recipes/create.palettes/crafting/kinetics/orange_seat_from_other_seat": {
    "criteria": {
      "has_seat": "2024-08-16 04:08:39 +0000"
    },
    "done": true
  },
  "minecraft:recipes/building_blocks/smooth_sandstone": {
    "criteria": {
      "has_sandstone": "2024-08-16 04:05:38 +0000"
    },
    "done": true
  },
  "create:wrench_goggles": {
    "criteria": {
      "0": "2024-08-16 04:07:28 +0000"
    },
    "done": false
  },
  "minecraft:recipes/building_blocks/purple_concrete_powder": {
    "criteria": {
      "has_sand": "2024-08-16 04:05:39 +0000"
    },
    "done": true
  },
  "minecraft:recipes/building_blocks/magenta_concrete_powder": {
    "criteria": {
      "has_sand": "2024-08-16 04:05:39 +0000"
    },
    "done": true
  },
  "mcwfences:recipes/deepslate": {
    "criteria": {
      "has_deepslate": "2024-08-16 04:03:24 +0000"
    },
    "done": true
  },
  "farmersdelight:recipes/farmersdelight/honey_glazed_ham_block": {
    "criteria": {
      "has_smoked_ham": "2024-08-16 04:03:24 +0000"
    },
    "done": true
  },
  "create:recipes/create.base/crafting/kinetics/track_station": {
    "criteria": {
      "has_item": "2024-08-16 04:07:45 +0000"
    },
    "done": true
  },
  "create:recipes/create.base/crafting/kinetics/track_observer": {
    "criteria": {
      "has_item": "2024-08-16 04:07:45 +0000"
    },
    "done": true
  },
  "minecraft:recipes/building_blocks/lime_concrete_powder": {
    "criteria": {
      "has_sand": "2024-08-16 04:05:39 +0000"
    },
    "done": true
  },
  "create:recipes/create.palettes/crafting/kinetics/white_seat_from_other_seat": {
    "criteria": {
      "has_seat": "2024-08-16 04:08:39 +0000"
    },
    "done": true
  },
  "mcwfences:recipes/blackstone": {
    "criteria": {
      "has_blackstone": "2024-08-16 04:03:24 +0000"
    },
    "done": true
  },
  "create:recipes/create.palettes/crafting/kinetics/cyan_seat_from_other_seat": {
    "criteria": {
      "has_seat": "2024-08-16 04:08:39 +0000"
    },
    "done": true
  },
  "minecraft:recipes/building_blocks/cut_sandstone_from_sandstone_stonecutting": {
    "criteria": {
      "has_sandstone": "2024-08-16 04:05:38 +0000"
    },
    "done": true
  },
  "mcwwindows:recipes/sandstone": {
    "criteria": {
      "has_wood": "2024-08-16 04:05:38 +0000"
    },
    "done": true
  },
  "minecraft:recipes/building_blocks/yellow_concrete_powder": {
    "criteria": {
      "has_sand": "2024-08-16 04:05:39 +0000"
    },
    "done": true
  },
  "create:recipes/create.palettes/crafting/kinetics/light_blue_seat_from_other_seat": {
    "criteria": {
      "has_seat": "2024-08-16 04:08:39 +0000"
    },
    "done": true
  },
  "mcwfences:recipes/sandstone": {
    "criteria": {
      "has_sand": "2024-08-16 04:03:24 +0000"
    },
    "done": true
  },
  "minecraft:adventure/adventuring_time": {
    "criteria": {
      "minecraft:river": "2024-08-16 04:03:58 +0000",
      "minecraft:desert": "2024-08-16 03:58:44 +0000",
      "minecraft:windswept_savanna": "2024-08-16 04:03:57 +0000"
    },
    "done": false
  },
  "minecraft:recipes/building_blocks/sandstone": {
    "criteria": {
      "has_sand": "2024-08-16 04:05:39 +0000"
    },
    "done": true
  },
  "mcwfences:recipes/mud_brick": {
    "criteria": {
      "has_qq": "2024-08-16 04:03:24 +0000"
    },
    "done": true
  },
  "create:super_glue": {
    "criteria": {
      "0": "2024-08-16 04:11:24 +0000"
    },
    "done": true
  },
  "create:recipes/create.palettes/crafting/kinetics/brown_seat_from_other_seat": {
    "criteria": {
      "has_seat": "2024-08-16 04:08:39 +0000"
    },
    "done": true
  },
  "minecraft:husbandry/root": {
    "criteria": {
      "consumed_item": "2024-08-16 04:03:28 +0000"
    },
    "done": true
  },
  "mcwfences:recipes/nether": {
    "criteria": {
      "has_nether_brick": "2024-08-16 04:03:24 +0000"
    },
    "done": true
  },
  "minecraft:recipes/building_blocks/brown_concrete_powder": {
    "criteria": {
      "has_sand": "2024-08-16 04:05:39 +0000"
    },
    "done": true
  },
  "create:recipes/create.base/crafting/kinetics/controls": {
    "criteria": {
      "has_item": "2024-08-16 04:07:45 +0000"
    },
    "done": true
  },
  "minecraft:recipes/building_blocks/green_concrete_powder": {
    "criteria": {
      "has_sand": "2024-08-16 04:05:39 +0000"
    },
    "done": true
  },
  "mcwfences:recipes/crimson": {
    "criteria": {
      "has_crimson": "2024-08-16 04:03:24 +0000"
    },
    "done": true
  },
  "mcwfences:recipes/stone": {
    "criteria": {
      "has_stone": "2024-08-16 04:03:24 +0000"
    },
    "done": true
  },
  "mcwfences:recipes/mangrove": {
    "criteria": {
      "has_mangrove": "2024-08-16 04:03:24 +0000"
    },
    "done": true
  },
  "mcwfences:recipes/warped": {
    "criteria": {
      "has_warped": "2024-08-16 04:03:24 +0000"
    },
    "done": true
  },
  "create:recipes/create.palettes/crafting/kinetics/blue_seat_from_other_seat": {
    "criteria": {
      "has_seat": "2024-08-16 04:08:39 +0000"
    },
    "done": true
  },
  "mcwfences:recipes/prismarine": {
    "criteria": {
      "has_qq": "2024-08-16 04:03:24 +0000"
    },
    "done": true
  },
  "mcwfences:recipes/bamboo": {
    "criteria": {
      "has_bamboo": "2024-08-16 04:03:24 +0000"
    },
    "done": true
  },
  "create:recipes/create.palettes/crafting/kinetics/light_gray_seat_from_other_seat": {
    "criteria": {
      "has_seat": "2024-08-16 04:08:39 +0000"
    },
    "done": true
  },
  "create:recipes/create.base/crafting/kinetics/track_observer_from_other_plates": {
    "criteria": {
      "has_item": "2024-08-16 04:07:45 +0000"
    },
    "done": true
  },
  "mcwfences:recipes/acacia": {
    "criteria": {
      "has_acacia": "2024-08-16 04:03:24 +0000"
    },
    "done": true
  },
  "minecraft:recipes/building_blocks/white_concrete_powder": {
    "criteria": {
      "has_sand": "2024-08-16 04:05:39 +0000"
    },
    "done": true
  },
  "farmersdelight:main/root": {
    "criteria": {
      "seeds": "2024-08-16 04:03:24 +0000"
    },
    "done": true
  },
  "minecraft:recipes/building_blocks/blue_concrete_powder": {
    "criteria": {
      "has_sand": "2024-08-16 04:05:39 +0000"
    },
    "done": true
  },
  "mcwfences:recipes/jungle": {
    "criteria": {
      "has_jungle": "2024-08-16 04:03:24 +0000"
    },
    "done": true
  },
  "minecraft:recipes/building_blocks/gray_concrete_powder": {
    "criteria": {
      "has_sand": "2024-08-16 04:05:39 +0000"
    },
    "done": true
  },
  "mcwbridges:recipes/sandstone_bridge_pier": {
    "criteria": {
      "has_planks": "2024-08-16 04:05:38 +0000"
    },
    "done": true
  },
  "mcwfences:recipes/quartz": {
    "criteria": {
      "has_qq": "2024-08-16 04:03:24 +0000"
    },
    "done": true
  },
  "create:recipes/create.palettes/crafting/kinetics/green_seat_from_other_seat": {
    "criteria": {
      "has_seat": "2024-08-16 04:08:39 +0000"
    },
    "done": true
  },
  "mcwfences:recipes/spruce": {
    "criteria": {
      "has_spruce": "2024-08-16 04:03:24 +0000"
    },
    "done": true
  },
  "mcwfences:recipes/oak": {
    "criteria": {
      "has_oak": "2024-08-16 04:03:24 +0000"
    },
    "done": true
  },
  "farmersdelight:main/get_ham": {
    "criteria": {
      "smoked_ham": "2024-08-16 04:03:24 +0000"
    },
    "done": true
  },
  "mcwfences:recipes/hedge": {
    "criteria": {
      "has_birch": "2024-08-16 04:03:24 +0000"
    },
    "done": true
  },
  "minecraft:recipes/building_blocks/sandstone_stairs": {
    "criteria": {
      "has_sandstone": "2024-08-16 04:05:38 +0000"
    },
    "done": true
  },
  "mcwfences:recipes/end": {
    "criteria": {
      "has_end_brick": "2024-08-16 04:03:24 +0000"
    },
    "done": true
  },
  "create:recipes/create.palettes/crafting/kinetics/train_trapdoor": {
    "criteria": {
      "has_item": "2024-08-16 04:07:45 +0000"
    },
    "done": true
  },
  "mcwbridges:recipes/balustrade_sandstone_bridge": {
    "criteria": {
      "has_planks": "2024-08-16 04:05:38 +0000"
    },
    "done": true
  },
  "mcwfences:recipes/birch": {
    "criteria": {
      "has_birch": "2024-08-16 04:03:24 +0000"
    },
    "done": true
  },
  "create:recipes/create.palettes/crafting/kinetics/magenta_seat_from_other_seat": {
    "criteria": {
      "has_seat": "2024-08-16 04:08:39 +0000"
    },
    "done": true
  },
  "mcwbridges:recipes/sandstone_bridge": {
    "criteria": {
      "has_planks": "2024-08-16 04:05:38 +0000"
    },
    "done": true
  },
  "createbigcannons:recipes/createbigcannons/casting_sand": {
    "criteria": {
      "has_sand": "2024-08-16 04:05:39 +0000"
    },
    "done": true
  },
  "mcwfences:recipes/dark_oak": {
    "criteria": {
      "has_dark_oak": "2024-08-16 04:03:24 +0000"
    },
    "done": true
  },
  "minecraft:recipes/building_blocks/cut_sandstone_slab_from_sandstone_stonecutting": {
    "criteria": {
      "has_sandstone": "2024-08-16 04:05:38 +0000"
    },
    "done": true
  },
  "create:recipes/create.palettes/crafting/kinetics/gray_seat_from_other_seat": {
    "criteria": {
      "has_seat": "2024-08-16 04:08:39 +0000"
    },
    "done": true
  },
  "create:recipes/create.palettes/crafting/kinetics/train_door": {
    "criteria": {
      "has_item": "2024-08-16 04:07:45 +0000"
    },
    "done": true
  },
  "minecraft:recipes/building_blocks/black_concrete_powder": {
    "criteria": {
      "has_sand": "2024-08-16 04:05:39 +0000"
    },
    "done": true
  },
  "minecraft:recipes/decorations/sandstone_wall": {
    "criteria": {
      "has_sandstone": "2024-08-16 04:05:38 +0000"
    },
    "done": true
  },
  "minecraft:recipes/building_blocks/cut_sandstone": {
    "criteria": {
      "has_sandstone": "2024-08-16 04:05:38 +0000"
    },
    "done": true
  },
  "minecraft:recipes/building_blocks/chiseled_sandstone_from_sandstone_stonecutting": {
    "criteria": {
      "has_sandstone": "2024-08-16 04:05:38 +0000"
    },
    "done": true
  },
  "create:root": {
    "criteria": {
      "0": "2024-08-16 04:03:24 +0000"
    },
    "done": true
  },
  "create:recipes/create.palettes/crafting/kinetics/black_seat_from_other_seat": {
    "criteria": {
      "has_seat": "2024-08-16 04:08:39 +0000"
    },
    "done": true
  },
  "create:recipes/create.palettes/crafting/kinetics/yellow_seat_from_other_seat": {
    "criteria": {
      "has_seat": "2024-08-16 04:08:39 +0000"
    },
    "done": true
  },
  "create:recipes/create.palettes/crafting/kinetics/purple_seat_from_other_seat": {
    "criteria": {
      "has_seat": "2024-08-16 04:08:39 +0000"
    },
    "done": true
  },
  "create:train": {
    "criteria": {
      "0": "2024-08-16 04:11:39 +0000"
    },
    "done": true
  },
  "minecraft:recipes/building_blocks/sandstone_stairs_from_sandstone_stonecutting": {
    "criteria": {
      "has_sandstone": "2024-08-16 04:05:38 +0000"
    },
    "done": true
  },
  "create:recipes/create.palettes/crafting/kinetics/lime_seat_from_other_seat": {
    "criteria": {
      "has_seat": "2024-08-16 04:08:39 +0000"
    },
    "done": true
  },
  "create:track_0": {
    "criteria": {
      "0": "2024-08-16 04:07:47 +0000"
    },
    "done": true
  },
  "create:recipes/create.palettes/crafting/kinetics/red_seat_from_other_seat": {
    "criteria": {
      "has_seat": "2024-08-16 04:08:39 +0000"
    },
    "done": true
  },
  "minecraft:recipes/building_blocks/sandstone_slab_from_sandstone_stonecutting": {
    "criteria": {
      "has_sandstone": "2024-08-16 04:05:38 +0000"
    },
    "done": true
  },
  "railways:recipes/railways/crafting/track_coupler": {
    "criteria": {
      "has_item": "2024-08-16 04:07:45 +0000"
    },
    "done": true
  },
  "minecraft:recipes/building_blocks/light_gray_concrete_powder": {
    "criteria": {
      "has_sand": "2024-08-16 04:05:39 +0000"
    },
    "done": true
  },
  "minecraft:recipes/building_blocks/light_blue_concrete_powder": {
    "criteria": {
      "has_sand": "2024-08-16 04:05:39 +0000"
    },
    "done": true
  },
  "minecraft:recipes/decorations/sandstone_wall_from_sandstone_stonecutting": {
    "criteria": {
      "has_sandstone": "2024-08-16 04:05:38 +0000"
    },
    "done": true
  },
  "minecraft:recipes/building_blocks/orange_concrete_powder": {
    "criteria": {
      "has_sand": "2024-08-16 04:05:39 +0000"
    },
    "done": true
  },
  "create:recipes/create.palettes/crafting/kinetics/pink_seat_from_other_seat": {
    "criteria": {
      "has_seat": "2024-08-16 04:08:39 +0000"
    },
    "done": true
  },
  "minecraft:recipes/building_blocks/cyan_concrete_powder": {
    "criteria": {
      "has_sand": "2024-08-16 04:05:39 +0000"
    },
    "done": true
  },
  "create:recipes/create.base/crafting/kinetics/track_signal": {
    "criteria": {
      "has_item": "2024-08-16 04:07:45 +0000"
    },
    "done": true
  },
  "minecraft:recipes/building_blocks/glass": {
    "criteria": {
      "has_sand": "2024-08-16 04:05:39 +0000"
    },
    "done": true
  },
  "DataVersion": 3120
}